review,sentiment
jak najbardziej polecam,1
Polecam,1
"Peugeot to słaby ,,Partner"" gdybym miał wybrać wygodne i silne auto to jakiegoś niemca czyli Mercedesa albo Audi lub Volksvagen...",0
.,1
jestem zadowolony z autka ,1
nie wiem od czego zacząć ale tak naprawdę usuwając jedną usterkę pojawia się następna ,0
"Dzisiaj przy tych cenach części, jako auto dla żony czy pierwsze dla młodego kierowcy ze sportowym zacięciem, jak najbardziej.",1
Samochód super ale : zawieszenie !,0
ok,1
Super auto polecam.,1
Bardzo dobry,1
"Porostu ładny tani samochód, jakość wykończenia adekwatna do ceny, oszczędność na bezpieczeństwie przeważa na zakupem tego auta ",0
Można jeździć ale to tylko opel,0
"samochód przestronny,rodzinny,z wyposażeniem podnoszącym komfort",1
Fajny samochód do jazdy po mieście ale nie jest to auto rodzinne potrzebujewiększe,0
Super retro auto między T4 a T5 wybór prosty T4 ‰%%%%%%%%%%%%%%%%%%%%‰%%%%%%%%%%%%%%%%%%%,1
Stare combo były o niebo lepsze ,0
Bardzo dobre,1
fajne autko ale ogolnie nie polecam,0
"dobrze utrzymane, układ hamulcowy wymieniony, akumulator nowy, ogumienie letnie nowe",1
"każda firma oceniana jest na podstawie poprzednich modeli,tempra niestety jest lepsza od Bravy.nie mam pojęcia kogo fiat zatrudnia,ale powinien pomysleć,choc trochę.",0
W tej cenie nie ma sobie równych.,1
Męczyłem się z tym autem przez 8 lat.Pochłonęło masę pieniędzy aż w końcu pochłonęła je rdza. Polecam zdesperowanym pasjonatom dużą ilością pieniędzy na paliwo i naprawy.,0
następnego nie kupię a swojego chętnie sprzedam - pozdrawiam,0
"ja mam peugota 1,8 xt jest to rocznik 1994 i niewiem czemu zaczol palic duzo paliwa:<",0
Pieniadze wyrzucone w bloto,0
dla dzieci i idiotów to nie jest dobre auto !,1
jak by nie rdza to jest okej prowadzi się dobrze,0
Nie polecam,0
Polecam wszystkim ,1
"Gdyby nie ta toporność i sztywność, byłoby całkiem przyjemnie. Do pracy się nadaje, ale do użytku osobistego nie polecam.",0
"coś za coś, japońska trwałość i oryginalny design kosztem wysokiego spalania i nieco za małej pojemności bagażnika.",1
"średni samochód, nastepnym razem będę szukał czegoś innego (Kia, jakis Opel)",0
"wiele niedociągnięć projektanta i wykonawcy, aczkolwiek wygląd z zewnątrz super",0
Bardzo dobry solidny samochod. Silnik 2.2td 178km automat.naped na cztery . Polecam,1
Polecam wszystkim szukającym komfortu i pojemności. Dynamiczny i oszczędny silnik. ,0
Komfort jazdy ,0
"Silnik dopiero po odwiedzinach w V-tech, działa jak należy.",0
Fajne auto. Polecam ,1
auto w bardzo dobrym stanie,1
CHE CHE niemożna wybrać że nie kupił bym tego samochodu.... NIE KUPIŁ BYM PONOWNIE. ,0
jak najbardziej,1
WART POLECENIA,1
Auto rodzinne i w tym charakterze dobrze się sprawdza ,1
mały miejski samochód ,1
"VW TIGUAN autko godne polecenia, idealne dla rodziny.",0
Mocna nie korozyjna karoseria,1
"Fajne auto Ale ma pewne defekty osprzęt turbo elektryczny, podszybie reflektory słabej jakości wzmocnienia zawiasów wyrywają się. ",1
Fajny samochód lecz nastepnym razem juz bym nie kupił.,0
Polecam tylko trzeba wszystko robić i wymieniać w odpowiednim czasie ,1
"Na serwis samochodu wydałem od 2 lat ok 10 tys zł. Generalny remont silnika, turbina, dwumasa, droba elektronika, w zasadzie co chwile coś się dzieje. Nie polecam nikomu",0
zbyt szybkie zużycie części silnika,0
"SPRAWIA , ŻE JAZDA JEST PRZYJEMNOŚCIĄ",1
Polecam dla rodzin. Tanie części pakowny komfortowy spalanie bardzo dobrze ,1
szkoda pisać to tylko skoda więc zanim kupisz zastanów się bo to auto dla przeciętnego kowalskiego ,0
"Ogólnie polecam do 150 tyś. km bez problemu, bez napraw. Później trzeba odnowić wóz co wiąże się z kosztem kilkunastu tysięcy - ale jedziemy dalsze 100 tyś. km",1
ok,1
"autko typowo ""do pracy i z powrotem""",0
kupie to auto jeszcze raz,1
Najważniejsze to że samochód jest bezawaryjny. Dobre fotele. Przeszkadza mi za duże spalanie i słabe wytłumieniei. Na baku 50 litrów moge przejechać tylko 500-550 km.,0
"Autko dość przyjemne, niestety, dość drogie w utrzymaniu - ciągłe wizyty w serwisie, wysokoe spalanie, właściwie porównywalne z Polonezem.",0
"Auto naprawdę świetna mimo kilku wad i irytujących przypadłości (np nawigacja). Ładna sylwetka, duże wygodny sedan (bagażnik bardzo duży). Co najważniejsze to silnik, rewelacja",1
Dobre tanie auto;),0
słaby silnik hałas,0
"ŁADNE Z WYGLADU AUTO MIEJSKIE , BARDZO MAŁA DYNAMIKA SILNIKA , WYGODNE PRZY MAŁYCH DYSTANSACH , NA DALSZA PODRÓZ TYLKO DLA DWÓCH OSÓB",0
"Auto raczej na krótkie dystanse, świetne do miasta. W segmencie A myślę, że najlepszy wybór.",1
Polecam,1
"Dużo ""małych"" ale dokucznych problemów - raczej nie kupię drugi raz Kangoo",0
Jak lubisz bawic sie w mechanika albo jezdzic do zaprzyjaznionego wydac troszeczke kasy to polecam:),0
Fajne auto dla rodzinki z małymi dziećmi. Robi mega wrażenie na każdym i przyjemność z podróżowania na dłuższych trasach.,1
katastrofa auto wadliwe nie polecam,0
"Głośny silnik, kiepskie plastiki... kupiłbym raz jeszcze, ale tylko jako ""drugi"" samochód, na trasy miejskie. W ""terenie"" lub na bardzo dziurawych drogach nie sprawdza się absolutnie.",0
"Polecam jako SUV, wygodny, dynamiczny za rozsądną cenę.",1
"warte uwagi jesli serwis na czas,ten egzemplarz serwisowany w oplu według książki",1
"spalanie to pojęcie względne, zależne od miasta a szczególnie od korków ;trasa zaś ,autostrada ,obwodnica no i szybkość",0
nie kupiłabym tego auta ponownie ,0
"o""k",1
"Polecam, auto spoko, ładnie się zbiera i oszczedne trwałe blachy. ",1
Jest pewien niedosyt.,0
Auto godne polecenia ,1
Warto kupić,1
"auto jako rodzinne pod względem ilości miejsca w środku, wygody i pakowności rewelacyjne, prowadzenie dynamika przyjemne, rozrząd w silniku PORAŻKA",0
"- gdy ciepły silnik często trzeba odpalać ""na pycha"" - psują sie klamki (szczególnie zimą), często do wymiany",0
"samochod z najgorszym silnikiem opla duzo pali awaryjny ,korozja nadwozia",0
"nowe ducato odbiega jakością jaką miało do tej pory, mało pozostało z aut z poprzedniej generacji , nie wspominając aut do 2010 r ",0
NIEZAWODNY SILNIK,1
gdyby nie czeste awarie silnika auto było by godne polecenia.....,0
Ladnie wyglada fajnie jezdzi ale psuje sie na potęgę ,0
Dobrze ze auto na gwarancji to wszystkie wady mojego samochodu zostaly naprawione Ogolnie polecam ,1
miernota,0
"Autko zgrabne, piękne i powabne ;) niski koszt eksploatacji, dobry silnik, idealne na dojazd do pracy. Minusem mało miejsca, mały bagażnik i mulenie w czasie jazdy pod wzniesienie. ",1
Polecam dla singli i osób z max 1 dzieckiem. Moc drzemie w tym aucie,0
Lepsza zdecydowanie vectra bo pomimo iż leciwa ,0
"Bardzo dobre autko dla dwojga z dzieckiem.Cichy , mało pali na trasie,koszty eksploatacyjne niskie,",1
"Ciekawy samochód, ale dla mnie kiepskie zawieszenie",0
"nie polecam, ciagle sie psul i ciesze sie ze sie go pozbylam ",0
"auto dobre w jezdzie miejskiej i na krotkich trasach.wygodne fotele,silnik i skrzynia biegow bezawaryjna.Mankamentem jest szwankujaca elektronika",1
Ok ,1
"Po zainstalowaniu LPG można tym latać bez końca, dobre auto.",1
"w sezonie letnim średnio pali 6,5/100 a w zimę średnio 9/100. W zimę strasznie rosieje, słabo sie nagrzewa - ogólnie kiepski - nie polecam",0
Miałem już 2 x-traile diesle i teraz kupię benzynę albo hybrydę.,0
Dobre funkcjonalne auto nie psuje się,1
"Przyzwoity samochód, bardzo przestronny. Mój egzemplarz jest praktycznie niezawodny.",1
Licze na solidna blache i odpornosc na rdze,1
Samochód idealny dla kobiety łatwo sie go prowadzi bez awaryjny i ładny Mankamentem sa czesci bardzo drogie brak zamienników ,1
auto rodzinne zrobione do częstych wizyt u mechaników ,0
średnie auto,0
"Samochód nie do zajeżdżenia, warto poszukać wersji wyposażonej w tempomat, automatyczną klimatyzację itp - najczęściej dobrze wyposażone są PASSATY GT",1
"Dobry samochod ale bez fajerwerków ,kiepska obsługa dilerska ",0
"dobre autko do miasta. osiągi w 1,4 vti zadowalające, tak jak napisałem, falujące obroty i żarówki to wada, wygląd zew to plus. mam nadzieje, że wytrzyma chociaż te 75.000 km.",0
Model ogólnie udany.,1
Nigdy bym ponownie takiej głupoty nie zrobiła. Z daleka od francuzów! A już na pewno od diesli. Teraz kupię elekyryka,0
"Szczerze nie polecam, wcześniej byłam w posiadaniu clio III, wiele bym dała żeby do niego wrócić. Nic poza ładnym wyglądam :-(",0
"Nissan Note 1,6 nie nadaje się do gazu. nigdy nie kupił bym jeszcze raz tego auta. chyba że bez gazu. teraz paliwo tanie a i pali noewiele",0
fajne auto ,1
"Polecam auto , szczególnie dużej rodzinie",1
dzięki archaicznej konstrukcji w miarę żywotne,0
Fajny suw gdyby nie ten silnik,0
Jeśli ktoś jeździł wcześniej autem dynamicznym nie polecam.Dobry jako pierwsze auto dla świeżo upieczonego kierowcy ,0
samochód dla początkujących [ niska cena zakupu ].,0
auto ok,1
"Ogólnie bardzo fajny samochód, jeśli się dba i regularnie serwisuje. ",1
Zaskakująco ciekawy pojazd za przyzwoitą cenę. W nietuzinkowym kolorze naprawdę robi dobre wrażenie.,1
NIE POLECAM,0
auto jest naprawde beznadziejne ,0
Serwis autoryzowany bardzo słaby. Praktycznie nowe auto bez gwarancji.,0
odradzam,0
"Na razie zrobiłem w rok 60000, ale jestem zadowolony",1
Nie polecam tego autka nikomu. Więźniow powinno sie tym przewozic jako kare,0
bardz dobrze sie wnim odnajduje,1
Bardzo dobre auto za stosunkowo nieduże pieniądze.,1
Brak słów na ten silnik jeśli chcecie jusz kupic passata to szukajcie z 1.9 TDI bo z 2.0 mogą być niespodzianki,0
samochod godny polecenia ale nie z tym silnikiem ,0
ok,1
Kupiłbym tylko podwarunkiem ze z silnikiem 90KM,0
Dobry samochód za niewielkie pieniądze ,1
Daje dużo frajdy z jazdy,0
"Nadwozie dobre do pracy, silnik ma za mało mocy i za dużo pali.",0
Auto mocno eksploatowane z uszkodzonym zderzakiem. Bez przeglądu ,0
"Idealny samochód dla 4 osobowej rodziny. Daje radę z pszyczepka, wozilem po tonie",1
Rewelacyjne autko. Bezawaryjne. Solidny japończyk godny polecenia.,1
Polecam,1
"Miałem go ponad 1,5 roku. Przez ten czas 0 awarii i wszystko było tak jak powinno być. Wymiana tylko z powodu zmiany na większy samochód.",0
"Chujowa reakcja na gaz, chujowe sprzęgło odstaje od konkurencji. Słabe co widać po cenie, nie dajcie się nabrać, drugi raz bym nie kupił",0
"ciagle się psuje,zawieszenie totalna porazka",0
Elektryka daje czasem o sobie znać .. auto wygodne i komfortowe na długie trasy ,1
"auto jest wadliwe bynajmniej w moim przypadku , wbrałem sie na trase i po przejechaniu 1000 km wał sie przekręcił{zerwał się} i nie wiadomo dlaczego",0
Jak na pierwsze auto moze byc.dosc tani w zakupie Utrzymanie troszke kosztuje.ale mocy nie brakuje Ciagle koszty na czesci. Uklad elektryczny to porazka. I noe tylko ja mialem problemy z kablami,0
"Polecam 5-6 letni, wtedy cena jest realna do wartości.",1
"Bardzo fajne auto, idealne dla rodziny. Ostatnie siedzenia raczej awaryjne lub dla dzieci. Przemyślane wnętrze, idealne przy wsiadaniu (zwłaszcza w mieście) drzwi boczne. ",1
Auto bezproblemowe i ponadczasowe.,1
"Polecam bo jest mało awaryjne,dobrze zabezpieczone przed korozją :)",1
Samochód tak wykonany powinien kosztować 30000 zł a nie 60000,0
Super samochód ,1
Fajne Autko ale nie warte więcej niż 1500 zł :) ,0
Fajne auto rodzone,1
"no cóż, bardzo, bardzo słabo. w porównaniu do Bravo II to duży krok w tył",0
"Nie kupiłbym, bo już oczekuję czegoś lepszego, ale jeśli miałby znów do dyspozycji tyle pieniędzy, to jak najbardziej kupiłbym tą astrę znów.",0
"Ładny wygląd, spora przestrzeń, ładna deska rozdzielcza, napęd rozrządu łańcuchem",1
"Nie kupię drugi raz, nie pasuje mi, chociaż nie sposób docenić walory użytkowe. Drogie części zamienne!!!",0
"Autko dla osób, które wybiorą je świadomie. Jeżeli odpuści się wymagania co do komfortu i nowoczesnosci to reszta nie zawiedzie.",1
...,0
szrot,0
"Jego czas już przeminął, ale kiedy był lepszy niż konkurencja",0
Bardzo fajny rodzinny samochód z paroma denerwującymi szczegółami. Największą wadą jest skrzynia biegów! O ile to możliwe należy brać automat.,1
"Mimo że posiadam go już cztery lata, to kupiłbym takiego jeszcze raz. Tylko że diesela albo benzynę z mocniejszym silnikiem.",1
Dobry silnik .Po zimie rdza ,1
"Oszczędny silnik, ogromne wnętrze, wymiary które w mieście są idealne, a na trasie nie masz kompleksów. Bardzo polecam ;-)",1
"Nareszcie astra dogonila czołówkę kompaktów, jest samochodem dopracowanym i w pełni zasłużył na tytuł najlepszego auta roku 2016.",1
"Ładny, wygodny duży sedan. W dobrej cenie zakupu i kosztach eksploatacji. Jeśli będzie się dbać i spokojnie jezdzić długo posłuży.",1
"Dobry silnik, słaba skrzynia (francuska), przyjemnie przyspiesza i dobrze się prowadzi. Bardzo wygodna na trasę a i w mieście odpowiednio zwrotna.",0
"Nie radzę wydawać pieniędzy na to japońskie ""cudo""",0
"Mając do wyboru Tipo lub kay inny , wybieram to drugie",0
"Słaba jakość wykonania ,zbyt miękkie na zakrętach,awaryjny silnik",0
"Ogólnie do dupy,nie kupiłbym drugi raz tego auta. ; )",0
Na pierwszy samochód z ograniczonym budżetem - wybór O.K. ,0
OK ,0
"wiecej zalet niz wad,ale do wzorca nieco brakuje.",0
dość dobry samochód za niewielkie pieniądze,0
nie warto kupowac,0
uzywam go do jazdy do pracy bo jest z gazem mysle ze VW okazal by sie lepszy :),0
Całkiem udane auto,0
fajen auto za maly wklad brak konsumowania oleju w silniku eco tec,1
"Ciagle sie psuje , ma tylko 230tys przebiegu ",0
"Bardzo dobry stan auta. Zadbane bez prowizorek, Książka serwisowa ,wszelkie wpisy i wymiany.",1
olecam naprawdę jestem miło zaskoczony tym fiatem,1
W SAMOCHODZIE ZAMONTOWANA BYŁA SKRZYNIA BIEGÓW AUTOMATYCZNA CZ-TERO STOPNIOWA CO NA TRASIE POWODOWAŁO ZNACZNE OGRANICZENIA PRĘDKOŚCI W ZWIĄZKU Z NASILAJĄCYM SIĘ HAŁASEM ,0
 .,1
Nie polecam!!!,0
a takie w sam raz,0
"Trochę dużo pali. Ale wygodny, przestronny, zaliczył już kilka wyjazdów calorodzinnych.",1
"bardzo udany samochód, ładny i oszczędny. Jak do tej pory bez najmniejszej usterki",1
Polecam.,1
Autko sprawuje sie świetnie. Bogato wyposażone auto (full opcja) w rozsądnych pieniądzach. ,1
bierze duzo oleju czesto cos sie psulo .Automat ok ,0
"Dobre auto na początek, tanie w utrzymaniu lecz zdarzają się awarie lecz nie są to zbyt poważne uszkodzenia",0
Kłopotliwy samochód z kiepskim silnikiem GDI i jeszcze gorszą skrzynią renault.Nie polecam.,0
"Bardzo dobry samochód z awaryjnym silnikiem który nie powinien zawodzić przez setki tysięcy kilometrów , a jednak zawodzi.",0
Najgorsze guwno jakie mialem,0
Bardzo fajny samochód,1
kupiłbym te auto jeszcze raz tylko z mocniejszym motorem 2.0 spalanie będzie takie samo,1
fajna fura wygodna w dalekie trasy silnik ok ,1
zadowolony,1
Witam serdecznie ,1
Nic na f. fiaty fordy i francuzy,0
"Patrząc na przebieg myślę że jest niezły choć drogi , Doblo jest ok 12000 zł netto tańszy i nie ustępuje mu w niczym poza światłami ksenonowymi ",1
"Z względu na złą konstrukcie siedzenia z przodu nie kupił bym tego auta ponownie, usterki w aucie np .wycieraczki,turbo,pompa wtryskowa przy 150 tys. cieknie.",0
fsf,1
"Fantastyczny samochod dla malych i duzych rodzin, do poruszania sie po miescie, wypadu poza miasto, jak i na dlugie trasy.",1
Auto godne polecenia dość trwałe i bardzo wygodne,1
"auto po przebiegu 200.000 bardzo awaryjne skrzynia biegów.dwumas,turbina",0
pewnie,1
"Duży, komfortowy, solidny samochód w niskiej cenie. NAPRAWDĘ WARTO KUPIĆ...",1
Dobre auto nawet bardzo dobre natomiast słabo z serwisem opla. ,1
Gdybym teraz kupował samochód z całą pewnością wybrałbym Opla Corse.,1
"Jak dla mnie to dobre auto, przyjemnie się jeździ. Nie ma co oczekiwać od niego komfortu jak w Mercedesie czy BMW. Idealny jako auto rodzinne. ",0
"Auto godne polecenia, ",1
"polecam, polubicie to auto.",1
"od czerwca do sierpnia non stop w naprawie. wszystko sie sypie. ODRADZAM, mało pali ale co z tego jak rzadko jest na chodzie",0
dobre do nauki ale nic pozatym,0
C1 fajna fura szczególnie ta po lifcie fajne się nią spokojnie i dostojnie jeździ po mieście ,1
Przez 7 lat używania nie sprawiał żadnych problemów,1
Bez problemu daje rade 340 km/h.,1
"Gdyby nie głośna praca silnika, to kupiłbym zdecydowanie ponownie ten model",0
"Auto sprawuje się ogólnie dobrze,ale przebieg jest mały.Lekko skorodowane zawieszenie, układ hamulcowy i wydechowy.Klocki hamulcowe do wymiany.",0
nie jest to auto godne polecenia,0
"Auto do jazdy z rodziną, do przewożenia ludzi, oraz wielkogabarytowych ładunków. Niezawodne, mało elektroniki. Pojazd nadaje się dla rodziny, jak i na budowę.",1
"Bardzo przyjemne auto, żałuję że sprzedałem. ",1
Rewelacyjne auto,1
"Dobry samochód za rozsądne pieniądze, silniki eco-tec mało elastyczne i paliwożerne. Trzeba dbać o te samochody bo inaczej zje je nam rdza:)",0
ujdzie,0
"Mam 10 letni egzemplarz, który użytkuję od 7 lat. Signum cosmo, sport automat. Świetne auto, zero awarii ! Polecam",1
Supermini a większy od klasy aut B! ,1
Żona główny użytkownik jest zachwykonanie wcześniej jeździła Audi a4 2.0tdi i woli isie ,1
"Samochód jest słaby, mała podaż z polskich salonów",0
"Fajny samochód do niedużej firmy. Zamieniłem z VW T5 i nie żałuję! Tańszy w eksploatacji, brak problemów z korozją,bardziej pakowny. Moja wersja to 6 osób tzw brygadowka. Polecam. ",1
Polecam takie auto .,1
Kupulbym ake nienz tym silnikiem,1
Jedyna wada to słaba blacharka. Przez tyle lat wymiana jedynie zużywających się części.,1
Jazda extra. Jakość mierną. Ogólnie 4 za komfort jeśli poprawią jakość to6!,0
Auto ogólnie fajne ale tego silnika to unikać jak ognia !,0
Idealne auto zarówno do szybkiej jazdy na trasie jak i na rodzinne wycieczki,1
Super. W porównaniu z Fordem Customem i VW to prepasc. W Fordzie razi warkotliwy silnik i bardzo twarde zawieszenie. W VW przeraża cena. Stylistyki nie oceniam. ,1
"ciekawy mały SUV z napędem 4x4, za niecałe 100 tys.",1
"Miałem go wypożyczonego na wakacjach. Nie podejrzewałem, że tak źle może się prowadzić nowoczesny samochód (no chyba, że to generalna bolączka wszelkich ""podwyższonych"" samochodów ?!)",0
Dobry,1
"Nie kupił bym ponownie Zafiry z tym silnikiem.Być może 1,8 bez wydziwnień w stylu klapek w kolektorze (twinport).",0
eetam,0
Samochód złożony z pozostałości części z innych modeli. Plastikowe paliwozerne plastikowe wozidełko.,0
"marne materiały, nieprecyzyjna skrzynia biegów, jak na tę klasę samochodu za dużo usterek, skrzypiące części, kiepskie fotele, brak podłokietnika, brak wyświetlacza dla temperatury silnika. ",0
"Auto bardzo komfortowe, przestronny bagażnik jest dużym plusem. Idealne dla rodziny 2+2",1
"Auto godne polecenia, rodzinne, dobrze wyposażone (wersja Limited) Polecam.",1
FATALNE AUTO NAJGORSZE JAKIE MIAŁEM - ,0
Jak za ta kasa mogłem kupić lepsze i wydajnesze auto Czesia się ze go sprzedałem choć z ogromna strata polecam Vw LT,0
"oceniam ogólnie samochód na BARDZO DOBRY, wygodny, tani w utrzymaniu, łatwo się nim jeździ.",1
Mazdy nie należy się bać To najpiękniejsza azjatka Daje dużo radości i frajdy z jazdy Ciągle cieszy i kusi oko,1
Pierwszy i ostatni Raz Hyundai. Jak sprzedawali mi auto to 10 telefonów dziennie a teraz zero informacji.,0
Po tym samochodzie nieco wyleczyłem się z Mazdy.,0
"To dobre auto dla młodej rodziny.Wygodne oraz z dużym bagaznikiem,który pomieści wszystko.Niemieckie auta w tej klasie z tych lat są dużo gorsze.",1
auto wiecznie się psujące ,0
"Autko, które podczas jazdy wymusza i wywołuje uśmiech na twarzy.",1
Najbardziej wypasione i komfortowe auto na rynku.,1
"Laguna z przebiegiem ponad 400tysięcy km. Nadal służy. Niestety bardzo straciła na wartości od czasu zakupu. Nie warto jej więc sprzedawać, ale warto kupić taki model",1
auto super,1
tak ale z mocniejszym silnikiem,1
słaba,0
Ford Polska nie istnieje.Od 17 dni samochód w serwisie .Nikt z Forda tel nie odbiera.Zgloszenie o kontakt internetem też olewają.Nie dajcie się oszukać .,0
Czas zmienić markę,0
"Bardzo dobry, motr niezawodny. 5 lat bez problemow.",1
ogólnie ok,0
"2.7 TDI , 125KM jednostka nie do zajechania/ 370 000 tys.km , super auto ....",1
"Łańcuszek rozrządu wymieniłem przy 90,000 tyś km Elektryczne wspomaganie wymieniłem przy 100,00 tyś km Teraz mam problem ze sprzęgłem 130,000 tys km",0
NIGDY WIĘCEJ NIE KUPIĘ SAMOCHODU Z SILNIKIEM NIE DOKŁADNIE PRZETESTOWANYM,0
"Jedno z najlepszych aut jakimi jeździłem, przy cenie rzędu 30 tys luksus dużo droższego auta ",1
Dno dno i złom,0
OK,1
Chyba wszystko już napisałem powyżej ,1
"Auto nowe, więc wszystko działa. Po przejechaniu 200 km wrażanie i odczucia bardzo pozytywne. Jak na razie jestem zadowolony. Wrócę opisać autko po przejechaniu kilku tys km.",1
Nie polecam najgorszemu wrogowi.,0
"Rdza, rdza i jeszcze raz rdza",0
Ogólnie ok,1
Wszystko się co chwilę psuje. Części drogie. Ogólnie na początku byłem zachwycony samochodem ale dzisiaj najchętniej wysadziłbym go w powietrze. ,0
Samochód aspirujacy do klasy premium. ,1
Ok,0
"uciekajcie ludzie od fiata jak najdalej szczególnie że te super opinie wiadomo kto wystawia , ja już żadnego fiata nie kupię nawet za darmo go nie chce ani żadnego włoskiego gówna",0
Jeżeli miał bym kupić espace to w grandzie i w benzynie z gazem najlepiej,0
Bardzo rozczarowało mnie to auto. Zachwycony może być ten co przesiadl sie z matiza lub poloneza..,0
"Super,super i jak sama nazwa modelu wskazuje SUPER(b)",1
Fajne autko.,1
Kupując miałem obawy. Dzisiaj nie żałuję. Po 7 latach użytkowania nawet żarówki są oryginalne.,1
HMM OGÓLNIE TO NIE POLECAM,0
Duże auto robocze. Średnio komfortowe ale pojemne.,1
Dobre auto,1
"1.2 tce 120 km , skrzynia manualna",0
ok,0
"Ile ludzi tyle opini. Ja bym kangoo już nie kupił,ale to tylko moje zdanie.Dlaczego???-patrz oceny",0
"Po tym jak zachowuje się Hyundai Motor Poland w związku z problemem ze skrzynią biegów w moim samochodzie, stanowczo odradzam zakup samochodu tej marki.",0
generalnie wygodny częssto w serwisie,0
bardzo fajne auto .jak będę zmieniał to na lagunę tylko nowszą,1
"Auto ma same zalety, za wyjątkiem jego wyglądu. ",0
przestronne dynamiczne nie rzucające się w oczy wozidło;-),0
Da się nim jeździć.,0
auto godne polecenia części tanie małe spalnie ,1
"fajne autko , ale czas robi swoje",1
Bardzo słabiutke autko. ,0
Bardzo fajny suv,1
samochód dla osób wjeżdżających od czasu do czasu w trudniejszy teren np działka bez drogi dojazdowej. Zużycie paliwa porównywalne z innymi modelami tej pojemności silnika. Trwały samochód.,1
Ogólnie na trasy ok ! ,1
"Auto godne polecenie solidna japonska robota,od 220000-245000 nic sie nie zepsulo, jedynie olej wymieniam co 10k i jezdze ",1
nie nadaje się do zagazowania,0
Super jest,1
"Samochód mały, w sam raz dla Kobiet... Mało komfortowy.",0
Złom,0
samochód okej ale nie kupiłbym go ponownie ponieważ kupiłem nowszy golf 2 no może nie nówka ale jeździ,0
"Bardzo dobry samochód, ale hamulce, jak długo mnie bardzo słabe. ",1
Mogło by być bardziej ciche,0
"Auto nowe, salonowe, jeszcz mały przebieg, wszystko ok. Zwinne, szybkie, stabilne, w miarę komfortowe, w miarę ciche przy prędkościach maksymalnych 140, i ... dokładnie według potrzeb i środków. ",0
"po 20 000 km posypały się łożyska,z każdym przejechanym km odnoszę wrażenie że to nie był dobry wybór auta.",0
"Na dojazdy do pracy, krótkie trasy - ok. Dalsze podróże - męczarnia. Trasa do Anglii, 2000 km, 30 godzin jazdy. W głowie huczało jak we młynie.",0
"Auto świetnie się prowadzi, wygodne, napęd zimą rewelacja, ale blacharka i silnik do kitu.",0
"Części tanie,wygląd zewnętrzny jak i wnętrza pozytywny.W kolejnych latach eksploatacji-usterki wychodża,za dużo plastyków,brak w ofercie automatycznej skrzyni biegów",0
Auto bardzo fajne. Ale mało docenione na polskim rynku. Można trafić fajny egzemplarz w ogłoszeniach z polskiej sieci sprzedaży. Tani w eksploatacji.,1
Po 4 latach użytkowania 0 napraw,1
"Nie polecam,chyba że na gwarancji.",0
"Fajne, zgrabne i ładne auto. trochę niedoróbek- np.kluczyk już sam się składa-sprężyna zepsuta",0
"Wszystko ok, tylko sporo pali ",1
"auto wygłąda nieżle , nieżle się prowadzi , awaryjne katastrofalnie",0
bardzo dobre autko,1
"samochód na tyle drogi , że jego jakość jest zdecydowanie za niska - awaryjność silnika okropnie wysoka , co powoduje ogólne niezadowolenie z pojazdu.",0
Za te pieniądze rewelacja. Zamiast chodzić w markowych trampkach wolę luksusowe adidasy.,1
Mimo wad to i tak nieźle auto. Komfort jazdy to petarda. ,1
jak na swój wiek i cenę ok 9000 tyś auto godne polecenia niskie koszty utyrzymania,1
wart swoich pieniędzy,0
Bardzo zrywne i tanie autko dla każdego kierowcy.,1
W sumie solidne male autko zarowno do jazdy miejskiej jak i na dluzsze wypady spalanie w granicach rozsadku na kazda kiszen. Auto raczej do jazdy w dwie osoby. ,1
Ford ok.,1
Nie kupiłbym tego samochodu z tym silnikiem drugi raz o wiele lepsze opinie zbiera 2 litrowa benzyna.,0
"Średnio, olej pije jak smok! ",0
Szkoda gadac lipa w miodzie,0
"kto co lubi nie na szybko pokonywanie dalekich tras po Europie,nieźle na co dzień do pracy na zakupy czy wypad na wieś lub ryby",0
"Auto bardzo awaryjne, jadąc na kolejny przegląd aż się boję czy spamiętam wszystkie usterki. Znajomi posiadający Kia Rio mają takie same problemy",0
Dobra ,1
Takich aut już nie ma,1
Wygodne Auto,1
"samochód bardzo udany, mocny i wytrwały ale do blaszaka nie nadaje się diesel w dłuższe trasy, benzynowy jest o wiele lepszy, cichszy",1
"Nie chciałbym mieć takiego samochodu, jest mały więc z parkowaniem nie ma problemu. Drążek skrzyni biegów luźno wchodzi. Nie podobają mi się plastiki. Nadaje się do jazdy do pracy i z powrotem.",0
"Auto POMYŁKA !!! tylko wygląd na fajny ,mechanicznie gorszy od Fiata .Nigdy więcej nie kupie tego badziewia !!!",0
Co bądź ,0
"idealny samochód dla rodziny, nic więcej nie trzeba dodawać, jednak jak ktoś kupi wersje z silnikiem 100 KM oczekując ostrej jazdy to się zawiedzie, ",1
Nie polecam 1.5 DCi,0
"Jakość wykończenia i użyte materiały użyte wenątrz auta w tej klasie auta nie do zaakceptowania, w Golf V deska rozdzielcza dużo lepszej jakości, w Passacie skrzypi jak w starym zamczysku. ",0
Niezłe auto ale nie dla mnie,0
"Zobaczymy jak z trwałością - jeśli będzie przyzwoita, auto będę mógł polecać Paniom na zakupy i wycieczki za miasto.",0
Ogólne polecam ten samochód .Bardzo wytczimali.Rziadko się psuje.Tylko mógłby być trochę żwawszy mój się rozpędza do 120km Może i przez to właśnie się rziadko psuje :),0
"Jeżeli chcecie kupić auto w tym segmencie proponuję Renault Master, dużo mniej awaryjny.",0
"Poprzednio miałem wersję z 2004 z 1.6 16v - ok ale powyżej 140km/godz. zaczynała ,,stękać"",teraz 2007 1.8 16v 125KM z easytronic i gitara!!!",1
szukam juz mlodszego,1
Auto przyjemne w jeździe duże i rodzinne. Posiada kilka mniejszych wad.,1
Auto godne polecenia,1
"Kupiłem bardzo ładny, zadbany samochód- po miesiącu problem z DPF, z falującymi obrotami, po pół roku silnik do wymiany... z radością sprzedałem.",0
kupcie sb trabanta ,0
auto bardzo dobrze sie spisuje ,1
Podoba mi się!,1
"gdyby nie rozrząd, samochód bardzo dobry. Ciężko go sprzedać.",0
doobre aut,1
Autko godne polecenia,1
miód malina,1
bardzo dobry polecam napewno kupił bym jeszcze raz ten samochód ,1
z daleka jak wszystkie hitlerwageny,0
 auto zadbane w dobrym stanie techn. ,1
podobno w drugim lifcie czesc wad znowu poprawiono jeszcze nie sprawdzalem czekam na opinie .Moj egzemplarz sprzedałem jeśli moje uwagi zostaną wyeliminowane kupię jeszcze raz.,0
"Ok, ale wolę japońskie samochody.",0
Bardzo fajne auto. Solidnie wykonane o niepowtarzalnym wyglądzie zarówno w środku jak i na zewnatrz. Sprawdzony mocny i kulturalny diesel Duża frajda z jazdy. ,1
Kupiłbym. Z mocniejszym silnikiem zdecydowanie,1
Ogólnie auto chodzi bez awaryjnie,0
"KUPIE NOWSZY MODEL AUTO SOLIDNE , DOBRA MARKA,NIE ŻAŁUJE ANI 1ZŁ ZA NIEGO",1
Niesamowite wrażenia z jazdy. Nawet po długiej podróży nie wysiadasz zmęczony. Elastyczny silnik i cisza która towarzyszy ci w drodze!,1
tak,1
to mój drugi ford transit sprowadzony brd ale jak bym musiał kupić następny to też ford ,1
"Polecam auto do miasta, swoje kupiłem w salonie Renault 11 lat temu i jestem zadowolony. ",1
"bez problemów 4 lata, tylko kombi ",1
Miałem kilka już aut ale nigdy więcej Ford,0
Brzydki awaryjny odradzam zakupu skarbonka bez dna,0
"za slaby silnik,-nie wyjmowana tylna kanapa,-kłopoty z układem zasilania silnika,-kłopoty z przegubami zewnętrznymi i ich osłonami,-słabe rozgrzewanie się w okresie jesienno-zimowym.",0
Auto ogolnie srednie. Silnik daje rade skrzynia tez. Ruda go nie lapie. Mimo wszystko raczej odradzam zakup.,0
Jeżdżę nim 3 lata ale jest zbyt małe żeby nim jeździć wszędzie. Polecam kobietom na zakupy i do pracy. W dalekie podróże polecam wsiąść do większego np.Outlandera.,0
"Polecam, rodzinne i wygodne auto.",1
LUDZIE NIE KUPUJCIE MITSUBISHI ,0
Zdążyłem jeszcze dokonać zmian konstrukcyjnych i z Poczty mam minivana 6-cio osobowego. Bajeczny samochód z duszą,1
"Polecam, autko fajne ale koniecznie v6:D",1
"Auto przyciąga wzrok,fajnie się go prowadzi. Ale awarie elektryki zdarzają się zbyt często ",0
"Pomimo mankamentów technicznych bo gdzie ich nie ma, kolejnym autem będzie z dużym prawdopodobieństwem następne Grand Picasso.",1
FIAT tym razem się postarał.,1
tani w utrzymaniu ,0
Auto ma najechane troche km uzywam go 5 rok i mnie nie zawiodło - dobre auto,1
MOJM ZFDABNiem auto jest w bARDZO Boatej opcji i bARDZO KONfortowae,0
Auto może i ładne ale bardzo delikatne.Jezdziłem nim kilka lat i raczej jestem zniechęcony do tej marki.,0
"Kupiłbym, ale nie chce co roku walczyć z rdzą",0
szrot,0
Bardzo awaryjny jako nowy. Po likwidacji usterek było lepiej.,0
a tak sobie,0
Nastepnym razem Hilux...,0
FATALNE AUTO NIGDY WIĘCEJ MITSUBISHI !!!!,0
dobry ale słaby,0
BARDZO DOBRY SAMOCHÓD NA MIASTO BO NIEDUŻY I EKONOMICZNY.,1
Ogolnie nie polecam,0
"Jeszcze gorszy niż wieswagen, niemiecka Syrenka ;) 325km tylko na papierze, mondeo mk4 2,0tdci nie znika w lusterku ;)",0
"Jak go zobaczyłem pierwszy raz wiedziałem że muszę go mieć. I kupiłem, teraz wiernie mi służy ",1
"Polecam to trwałe silniki, i bardzo ekonomiczne",1
Z czystym sumieniem mogę polecić ten samochód,1
Samochód nie jest drogi ale po 5 latach użytkowania pojawiają się ciągle drobne usterki,0
"bardzo fajny do miasta , na trasie też nie dostaje zadyszki",1
Polecam,1
kupił bym go jeszcze raz a teraz kupuje nowszego ,1
Polecam,1
"Nie ma lepszego w w swej klasie, nawet następna wersja III po liftingu jest gorsza, a przede wszystkim mniejsza wewnątrz.",1
Dobre auto dla młodego kierowcy,0
słabiutko na tle aut francuskich chociaż to mój 5 opelek ale scenica i picasso tez miałem,0
"Dziękuję, raz się pomyliłem - nigdy więcej Skody, kupię hyundaia",0
Powiedzmy ze wszystko ok ,0
"ZBYT AWARYJNE AUTO , A KOSZTY NAPRAWY BARDZO DUŻE , ZAWÓR EGR, DWUMASA ,WTRYSKI TO JUŻ POWODUJE TAK DUŻE KOSZTA ŻE MOŻNA BY ZA TO KUPIĆ DRUGIE AUTO A NIE WSPOMNĘ O SKRZYNI ,ZAWIESZENIU , ELEKTRYCE .",0
uwazam że samochód jest dobry ponieważ dopiero po przejechanu 275000 rbyła robiona turbina a noge mam ciężką poza tym żadnych większych napraw,1
Ogólnie auto godne polecenia dla rodziny. Nie wiem jak diesel ale benzyna jest OK. Niestety moc nie wystarcza i nie wiem jak można w nowszych autach wstawiać jeszcze mniejsze jednostki. ,1
"jeżeli ktoś szuka auta do wożenia dzieci do szkoły ,to może go kupić ,jazda w trasie bez emocji -jak najbardziej .Jeżeli szukasz auta dynamicznego i stylowego ,to niestety -to nie ten poziom...",0
samochód jak dla mnie zbyt zamulony mimo ładnego wyglądu i bezawaryjności źle wyciszony materiały z którego został wykonany kiepskie,0
"Biorąc pod uwagę kilka małych mankamentów tipo to mimo wszystko bardzo przyjemne, wygodne i oszczędne autko o nietuzinkowym wyglądzie.",1
"Fajne małe zwinne autko, fak nie jest to mistrz zrywności i szybkości, ale dla preferujących zrównoważoną jazdę w granicach rozsądku w zupełności wystarczy dla naszej rodziny 2+1 jest idealny!!!!",1
Słaby silnik,0
Kupiłem Rapid 4 letniego w wersji liczbach. Za tą cenę nie ma lepszego auta.szukałem długo i zdecydowałem się na Rapida.nie żałuję.,1
Jeśli ktoś dbał o blacharkę nie będzie miał problemu z rudą,1
To już przeżytek,0
Autko się wyróżnia. Jest dobrze pomyślane. W swojej klasie poza Golfem nie ma konkurencji a od VW dużo ładniejsze.,1
BRAK,0
problemy z instalacją lpg dyskwalifikuje auto homologacja na butlę gazową wydane w języku ang uniemożliwia zarejestrowanie auta i generuje koszty i kłopot ,0
Samochód sprawuje sie bardzo dobrze jezdzi nic nie atuka i nic nie puka z punktu do punktu dojedzie ,1
Nigdy więcej forda. ,0
Super budżetowy samochód ktory szybko przescignie każde auto,1
Bardzo dobre auto,0
"Auto pojemne i pakowne ( nie do wiary ile tam się mieści :) ) bezawaryjne, klima dział od kiedy nabyłem - ponad 5 lat, zawieszenie - typowa eksploatacja, silnik i skrzynia bajeczka :) ",1
jest ok ,1
"ogólnie auto jest na duży plus.duży bagażnik 520L.dużo miejsca w środku,bardzo dobre zawieszenie, bogate wyposażenie. minusy to apetyt na paliwo i awarie elektryki BARDZO wrażliwej na wilgoć",1
... francuz co by tu oczekiwac,0
fajne auto cena jakosc bezawaryjnosc udany model,1
trzeba jeżdzić dalej,0
sam.nie morze się psuć po 1500 km,0
"To już trzeci Ford Ranger jakiego posiadam, dwa poprzednie przejechały po 270 000 km bez istotnych awarii. Polecam",1
nikt mnie nie namówi do kupna jeszcze raz tego auta.,0
Samochód nie dla młodych. Dla rodzin z dziećmi i spokojnej ekonomicznej jazdy. Bez problemów z napędem jeżeli oczywiście dbamy o silnik.,1
"Nie ma w swojej klasie żadnych konkurentów. Szkodzianki i wieśwageny nie dorastają mu do dolnej krawędzi chlapaczy. Szkoda że zaprzestano produkcji, bo chętnie bym kupił 3.",1
"Przyjemne auto do miasta, ale za cenę 40000 zł można mieć wiele ciekawszych i prawdziwych aut z lepszym komfortem i wyposażeniem....",0
"Samochód w miarę dobry, ale potrzebuję większej przestrzeni ładunkowej i czegoś bardziej niezawodnego ",0
"Można go polubić i dbać,wtedy ON jest OK!! ",1
"Wygląd - owszem niemal idealny, ale reszta... moze jakby silniki miały moc 250KM i 500Nm na kole, to byłoby spoko... ale nie jest",0
"Auto dla młodego kierowcy jak najbardziej Małe spalanie, nawet szybki samochód Polecam",1
Fajne auto za tanie pieniądze polecam z gazem 7-8 lpg na 100 km,1
"JESTEM ZADOWOLONY MAM RODZINNY SAMOCHÓD, KTÓRY MAŁO PALI I JEST KOMFORTOWY. NA PRAWDĘ POLECAM ",1
"od auta sportowego oczekuję się znacznie więcej, bez względu na cenę, ładnie wyglądający pomnik do niezbyt szybkiej jazdy na wprost",0
mam już 3 nissana tego modelu autko jest super,1
NISSAN NIGDY WIĘCEJ !!!,0
Ogólnie polecam ałot za komfort i bezawaryjność.,1
"13 l./100 km. !?.Kto to napisał !?.Kto i GDZIE ""TO""SPRAWDZAŁ !?.Auto spala 18 litrów ON (średnio !-tj,Miasto/Trasa !.Chore.Auta dla Jankesów i Arabów.",0
Auto jak za tą cenę można kupić.,0
Polecam. Mały - duży samochód.,1
Kochane maleństwo. Nie da się nie pokochać Vauxhalla Tigry,1
Mega dobry samochód chociaż niszowy. Kupiłam go w 2016 za 8tys. Myślę że za tą cenę z takim wyposażeniem to bajka.,1
Spoko auto,1
Każdy mając Tigunie w posiadaniu zostanie zakochany w niej do konca,1
wygodne auto ale dość awaryjne niestety,0
"samochód godny polecenia, oprócz korozji auto naprawde fajne da sie nim fajnie jeździć",0
"NIgdy wiecej forda, wiecej stoi niz jezdzi, auto kupione w salonie...",0
Dobre auto,1
"Jest to super auto na miasto, jak i w trasę, najlepsze wykonanie od początku clio.",1
x,1
samochod b.wygodny,0
dobry stan i komfort jazdy,1
"Jezdze Twingo ponad 16 lat, przejechalam przez ten czas 102 tys.km. glownie po miescie,zadko w dalsze trasy.Samochodzik niezawodny,nigdy sie nie popsul,odpa lal w najwieksze mrozy,polecam.",1
Nie miałem dotąd lepszego samochodu.,1
"Skrzynia automatyczna działała róznie, trzeba było się nauczyć jeżdżenia i słuchania obrotów",0
"Ogólnie auto nie sprawia problemów, użytkowane przeważnie w trasie. Spalanie mogło by być niższe, ale też nie jeżdżę przesadnie oszczędnie. ",1
"Nie kupujcie opla!!!! Jakby nie liczyć wychodzi, że lepiej inwestować w używany samochód lepszej klasy za tę cenę.",0
nigdy wiecej,0
samochód godny polecenia mam juz 3 lata i nie sprawia żadnych problemów,1
"Samochód dostosowany do moich potrzeb, na długie trasy z możliwością przewożenia wewnatrz długich ( do 2,5 m) elementów, wygodny i ekonomiczny. ",1
"ten samochód to istna tragedia, nigdy więcej stilo. Fiaty to fajne samochody ale stilo to ich wrzod na tyłku",0
Super autko,1
słabe uato,0
"nie polecam nikomu ze względu na wady jakie opisałem , za tak wysoką cenę lepiej kupić BMW lub Mercedesa, nigdy już nie kupię wolkswagena",0
Stosunek jakości do ceny wygrywa z każdym innym samochodem tej klasy!!!!!!,1
opel agila to jest dobre autko w zimę i na krawężniki ,0
nie pleceam,0
6+,1
teraz kupiłbym sportsvana :-) ,0
Polecam udany samochód ,1
Miałem parę aut najlepsze z podobnym silnikiem był fort Fiesta z silnikiem 1.3 tu tylko broni się spory bagażnik ,0
wszystko hula w nim ok,1
ogólna opinia - doby i mało awaryjny,1
nie awaryjne,1
Polecam silnik 1.2 ,1
"samochód ok. do miasta, na trasę raczej sie nie nadaje przy prędkosci 120 ma okolo 4000 ob/min.i tym samym wysokie spalanie ",1
Rewelacyjne auto,1
Samochód mam dwa tygodnie i już dwa razy był holowany do serwisu. Nie potrafią usunąć usterki. Zakup w Folwark Samochodowy Kielce,0
Samochod sprawuje sie bardzo dobrze w kazdych warunkach i jest pojemny.,1
takie sobie autko ale słabej jakiści,0
"Super samochodzik mam go już rok i nie żałuję zakupu ,dynamika ,ekonomia jazdy na LPG, bardzo fajne wnętrze nic tylko jeździć-polecam",1
"Fajne małe, lekki auto. Jedyne co się psuje to zawieszenie i inne części eksploatacyjne, lecz wszystko jest bardzo tanie. Silnik nie jest mocny, ale niezniszczalny :-). Polecam.",1
gdyby produkowano model b6 tak B7 brakuje klimatu b6 Jest kanciasta a wnętrze stało sie bardzo tuzinkowe choć nadal ergonomiczne i przyjazne ,0
"Zaskoczyła mnie ta awaria w drugim roku eksploatacji tak poważna awaria, chociaż zdarzają się także wymiany silników w pierwszym roku.",0
Nie polecam. Sprzedającyowil ze maksymalnie pali na miescie 8l/100km. Porazka,0
"prowadziłem transport Multicarem ,Cabstar koło Multicara nie może stanąć ",0
"Doskonale zaprojektowany, tani, oszczędny a zarazem bardzo praktyczny.",1
lipa,0
"Generalnie dobrze się spisał jako wół roboczy, szczególnie jeśli w rodzinie buduje się czy remontuje sie co jakiś czas domy lub mieszkania lub trzeba cos przewozic",0
Auto godne polecenia,1
Gdyby nie silnik auto ok,0
słabe,0
Samochód wykonany tandetnie i oszczędnie. Kłopoty z dostępem części w serwisie. Tragiczne podejście do klienta w przypadku poważniejszej awarii. ,0
"Polecam, zachwalam i zmienię na młodszy...",1
"Auto ładne, dobre na trasę ale po mieście nie polecam , zła widoczność w czasie manewrów przy parkowaniu, lakier to jakaś kpina ! Kiepska jakość wykonania elementów zwłaszcza plastików.",0
OK!!-POLECAM!!,1
jest ok,0
Polecam. Miałem wiele używanych aut wyższej klasy i Tipo nie ma się czego wstydzić,1
Polecam GO I ....,1
"Autko genialne, silnik akurat do miasta, ale na autostradzie przy srednej predkosci 130 tez spokojnie da sie jechac - bez boli glowy. Polecam :)",1
"Wypada ogólnie kiepsko, może ze względu na silnik 1,6l. znajomy ma 2.0 i dużo mniej problemów. Polecam wersję 2.0 diesel lub sprawdzone 1,6.",0
"zbyt duża awaryjność, poza tym ceny części i naprawy są dość lub bardzo wysokie.",0
"Bardzo rdzewieje, nieustannie jakaś żarówka do wymiany - to najczęstsze problemy, Ale poważnie nigdy mnie nie zawiódł ani w mieście ani na trasie, ani w największe zimy.",0
"Liczyłem na niezawodność japończyka. Tak było przez lata, aktualnie wymieniłem pompę wysokoprężna po tym jak sie rozsypała i wtryski, koszt 4000,-",0
"Kupiłbym ten samochód ponownie, jednak z dieslem na wtrysku bezpośrednim.",1
Ogólnie polecam samochód chociaż wymaga jeszcze dopracowania w detalach.,1
"ogólnie fajne autko, części tanie małe spalanie :) ",1
nigdy w życiu hyundai,0
POLECAM TO AUTO NA PIERWSZE PO ZDANIU PRAWA JAZDY ,1
Fajne auto za male pieniadze dobry rocznik I wyposazenie,1
Fajne auto za rozsądną cenę,1
ok autko ale nie polecam na b długie trasy pow 1000km za głosne,1
nie,0
Bardzo sympatyczne autko do codziennej jazdy do pracy i na zakupy. Może nie nadaje się na długie wycieczki ale na krótkie i średnie trasy jak najbardziej.,0
"Sportowe auto, drogie w utrzymaniu ",0
"nie kupować , duża eksploatacja drogie częsci",0
samochód fajny ,0
"samochód dla rodziny i na trasę super,typowo do miasta za duży(paliwo)rdza na nadkolach",0
Bez dpf i z nowa mapą jest ok,1
"Polecam ten samochód. Jest mały, zwrotny i bardzo oszczędny. Mój użytkuję 15 rok i jestem bardzo zadowolona. ",1
"Fajne autko w klasie b, wygląda znakomicie, świetne w jeździe po mieście. Dla 4 osobowej rodziny jednak już za małe. ",1
samochod dobry jak za taka cene i z takim wyposarzeniem ( fokus był o 10tys droższy)ale nie kupil bym go ponownie gdyz uwazam ze nie ma sensu kupowac 2 razy tych samych rzeczy,0
"Pierwszy raz kupilem Forda i ostatni, tyle razy byl w warsztacie ze koszty naprawy wyniosly polowe wartosci samego samochodu. ODRADZAM !!!!!!!!!",0
Polecam dla wybrednych ale nie dla kogoś kto lubi mieć niepotrzebne i zbędne gadżety!!!,1
Autko naprawdę świetnie się sprawdza. Jeżdzę nim podad 3 lata bez awarii ,1
"Dobry i niezawodny samochód miejski z opcją okazjonalnych wyjazdów w dłuższe trasy. Łatwo nim zaparkować, łatwo go zapakować i do tego przyjemnie się jedzie.",1
"Auto w sam raz dla 4-osobowej rodziny. Na wakacje można śmiało się wybierać. Do jazdy miejskiej nie jest stworzone. Są auta ekonomiczniejsze, tańsze w eksploatacji i mniej awaryjne w tej klasie.",0
polecam autko,1
ok,1
być może jak się do niego przyzwyczję to zmienię zdanie,0
Jeśli możecie nie kupujcie przynajmniej takiego rocznika a tym bardziej 1.9DCI ze skrzynią 6 biegową,0
szału nie ma ale spoko nie dajmy się zwarjować,1
samochód dla kobiet,0
Polecam! Auto warte uwagi. Zadbane egzemplarze ,1
Ze względu na zbyt szybką awarię silnika nikomu nie polecam tego auta. Wyleczyłem się ze Skody i grupy VW. Przereklamowane i mit niezawodności to już przeszłość.,0
Nie polecam nikomu tej marki . Na rynku są tańsi i lepsi od VW dzisiaj produkowanego to nie ten sam VW co kiedyś !!!! Szkoda pieniędzy !!!,0
"samochod ciekawy ,ale ma tez pare mankamentów",1
bardzo fajny samochód mam go od nowości ma już 24 lata ale bardzo dobrze się sprawuje za rok idzie na zabytek oryginalność 100% 0 rdzy ,1
"Jeżeli ktoś szuka samochodu do jazdy po autostradach w ilości 500+ to powinieneś wybrać takie auto. W użytkowaniu codziennym praca, zakupy,dom też się nie zawiedziesz",1
"Jednak, nawet diesel z dużym (>250 000) przebiegiem w wykonaniu Peugeot, to nie jest autem, którym jeszcze daje się wygodnie jeździć.",0
"zrobilem juz 20tys, polecam",1
ten sam silnik w Peogoutach ok w Volvo40 ok kazda rzecz mozna spieprzyc !,0
Nie ma się co spodziewać za 50 tyś zł,0
Za tę cenę można było wybrać coś lepszego.,0
fajny wóz,0
"dużo awari, po za tym ok ",0
Miałem 9 samochodów różnych marek. Ten jest NAJLEPSZY.,1
Polecam,1
Silniki biorą olej,0
małe miejskie bez szału na dłuższych odcinkach,0
Jak na 16 letnie auto jest w porządku. ,1
"Spoko auto, serwis odwiedzam głownie przy wymianie oleju.",1
nie za taka cenę,0
"Wygodny, idealny w trasy, dobrze wykonany i z bardzo głosnym silnikiem ",0
samochód obszerny wygodny ale brak w bagazniku schowka ,0
"Szkoda, że nowa Espace to nie to.",1
"Porównując do Grand Vitary, która miałem wcześniej auto bez porównania. Zrywniejsze, pakowniejsze, niezawodne. cichsze, mniej pali i ekonomiczniejsze. Autem jeździ się jak osobówka, bardzo wygodnie",1
Samochód awaryjny ze względu na ślizgające się sprzęgło!!,0
Samochód godny polecenia dla młodego kierowcy oraz osób jeżdżących po mieście i na niewielkie dystanse ,0
polecam osobą na potrzebę dojeżdżania tylko do pracy i koło domu :-),0
"nowa wersja nie powstała, być może byłaby ciekawym uzupełnieniem oferty PSA",0
uważam go za godny polecenia innym ,1
lepiej kupić rower ,0
Silnik 6 lat i prawdopodobnie na złom. Serwis ma Cię w d...e. ,0
"Auto niedocenione na rynku ale polecam jako wygodne z dużym bagażnikiem i tanie w eksploatacji.Z łatwością można znależć zadbany,pochodzący z salonu PL model.",1
"Twardy, niewygodny...ale pojemny, mało pali. ",0
"jestem trochę zawiedziony. Myślę, że wrócę do Hondy... Dlaczego na pytanie ""Czy kupiłbyś ten samochód ponownie?"" mam do wyboru tylko TAK lub TAK ????????",0
"Wszystko byłoby w porządku z tym samochodem, gdyby nie kosztowna naprawa sterownika skrzyni biegów. Szkoda, bo samochód całkiem dobrze się sprawował",0
Auto dla każdego. Koszty minimalne przy zakupie nowego auta z salonu ,1
Polecam z autmatem wersje juz po lifcie np. 1.9 diesel 150KM,0
Mazdy nie należy się bać To najpiękniejsza azjatka Ciągle cieszy i kusi oko,1
"Czekam na nową insignie , starej nie sprzedaję. ",1
"wygodny,pakowny,oszczędny no i nie wstyd nim jeżdzić",1
samochod podoba mi sie fajnie sie prowadzi,1
"Po 10 latach moge stwierdzic ze sam znalazlem w nim okolo 10 miesc tak zwanej"" Obsolescencji"" czyli zaplanowanej i przedwczesnej awarji to jest denerwujace,nieslusznie ceni sie niemiecka jakosc .",0
"Za te pieniądze ciężko o bardziej ekonomiczne auto na dojazdy do pracy, zakupy itp Na pewno swojej FELI nie sprzedam. ",0
polecam 508 dla niezdycedowanych,1
Bardzo dobrze,1
Auto idealne do miasta i na trasę.Dobrze trzyma się drogi.wygodne fotele.jednym słowem pszczółka:) jestem zadowolony,1
"Po dwóch latach nadal uważam, że to był bardzo dobry wybór. ",1
auto do jazdy po mieście ale dobre też w trasie ,1
"Z tyłu nie ma miejsca na nogi, konkurencja pali mniej. Często się psuje",0
Tak ale diesla,1
brak mi slowa na tan samochod,0
Niestety Opel nic się nie zmienił to wciąż samochody niższej jakości a wytyczne standardy obsługi klienta pozostawiają wiele do życzenia. NIE POLECAM !!!,0
Szklarnia na kółkach ,0
Jezdze Clio II generacji od 14 lat. W tym czasie uzytkowalem 4 rozne egzemplarze. Jestem zadowolony w 99%. jezeli bede wymienial auto to z pewnoscia na kolejne Clio,1
bardzo dobre auto,0
drugi raz nie kupiłbym tego auta,0
"Samochód ogółem polecam, jestem zadowolony mimo kilku małych wad. Największą zaletą jest brak większych usterek, no i łańuch rozrządu. ",1
Takie pudełkowate wozidełko,0
"Auto bardzo uniwersalne pakowne i ustawne wnętrze, dynamiczne, nie nudzi się i spelnia moje wymagania.",1
KUL,0
"Super wygodne auto (jak na tą klasę oczywiście). Zgrabne, niewiele pali, w środku sporo miejsca. Nadaje się zarówno do jazdy miejskiej, jak i na dalsze wypady.",1
"bardzo dobrze sie jezdzi,silnik zwawy,nie ma klopotu z wyprzedzaniem,na zakretach sztywny,w srodku bardzo wygodny ",1
"WSZYSTKO WYSIADA PO KOLEI ,NIE ZA TA CENE,NIEMA JAK VV.RAMA Z DACI NAPOMPOWANA BLACHA",0
Jak za te pieniądze to kupcie Francuza nie będziecie żałować. ,0
Samochód nie do zdarcia nawet przy wadach lakierniczych,1
"Samochód zaskakuje. Wersja Platinum wyposażona jest we wszystko o czym możecie pomyśleć. Cichy, dobrze się prowadzi, doskonała skrzynia biegów.",1
Abc,0
mam przejechane niecałe 1000km mogłoby być chociaż o 20 KM wiecej,1
"Odetchnęłam z ulgą, gdy go sprzedałam.",0
Kapitalne auto dla rodziny z dziecmi do poruszania sie na krotkich i srednich (150km) trasach.,1
DO TYCH CO KRYTYKUJA PANOWIE WSIADAJCIE SPOWROTEM W SWOJE UKOCHANE WIESWAGENY to auto dla burakow czyli dla was porownywac vw z peugeotem to zenada,1
Komfort jazdy i wygląd nie do kupienia za taką cenę w innych markach,1
5,1
dobry samochod,1
samochód dobry.ekonomiczny z ładną linią,1
"Polecam, dla kierowców z dużą rodzina, a także tych którzy cenią tradycyjne dobre samochody",1
"Bardzo dobry pojazd. Polecam go, jak pod względem bezpieczeństwa, jak i ceny.",1
Zdecydowanie jest to moja nie pierwsza i nie ostatnia Renóweczka,1
"Polecam jako niedrogie auto szczególnie w dłuższe trasy, naprawdę miło sie nim jeździ.",1
autko fajne i niezawodne ale zdecydowanie za słabe. nie żałuje że kupiłem ale następne będzie mocniejsze,0
"Nie polecam tego auta chyba ,że chcecie mieć wydatki i żeby was dupa bolała.",0
"Z jednej strony przyjemnie się nim jeździło po mieście, ale liczba usterek, napraw i nagłych ""atrakcji"" raczej przekreśla jego zalety...",0
Dobry samochod za rozsadne pieniadze. Bardzo przestronny i wygodny. ,1
5 osob zero przyjemnosci z jazdy,0
wszystko ok auto o jakim zawsze morzyłem ,1
Wyjątkowe auto dla wyjątkowych ludzi.,1
scierwo,0
polecam,1
"Ogólnie jest ok, ale jednak do mnie nie przemawia.",0
"Autko bardzo fajne, polecam. ",1
"Jak dla mnie auto za małe, na trase nie polecam, człowiek sie bardzo meczy. ",0
Dobre uniwersalne auto,0
"Nie polecam, to już stary samochód, szukajcie czegoś lepszego",0
Ok,1
Samochód z założenia miał być budżetowy... i jest,0
Fajny samochód za niewielkie pieniądze.,1
"Sprawny, posiada instalację lpg z 2013r",1
Wystrzegajcie się!,0
NIBY OK ALE...,0
"Fajne auto za dobre pieniądze, ",1
auto odpowiednie do swojej ceny i wyposażenia.,1
"Auto awaryjne leci jedno za drugim, abs pierscien , uszczelki w pompie wtryskowej , alternator, wtryski szmelc, mało zamiennikow , ",0
za takie pieniądze żadne bmw i mec czy audi nie da Ci przyjemności z jazdy,1
Jest ok,0
DOBRE auto,1
"Posiadam go niedlugo,ale zaskoczyl mnie wygoda I wyposazeniem(i-music).Ost mialem mazde 6 gh I renault wygodniejsze o niebo plus skrzynia w mazdzie ciezko chodzi,scenic super w trase",1
Dobry samochód,1
"Generalnie auto przyjemne,ale nie kupił bym go po raz drugi.",0
"nie polecam, bardzo nietrwałe olejożerne silniki",0
to już szrot i to niebezpieczny,0
"Samochód zdecydowanie godny polecenia. Niskie spalanie (nawet 4,5 litra w trasie, przy włączonej klimatyzacji i samochodzie pełnym bagażu + 5 osób) , duży komfort jazdy, świetna dynamika. ",1
Samochód dobry na niedalekie trasy. Dojazdy do pracy lub szkoły. Tani w utrzymaniu. Polecam silnik 1.1 który mnie nie zawiódł. ,1
Auto tanie w eksploatacji. ,1
Petarda,1
samohud z niemiec,1
"taki sobie, oszczędny w eksploatacji lecz niebezpieczny i niewygodny",0
Zle wyciszenie kabiny przy predkosciach autostradowych 130+ jazda zaczyna byc meczaca nieprzyjemna nie polecam,0
Kupiłbym bo nie stać mnie na lepszy :-),1
Auto ok. ale drugi raz wybrałbym wersję z silnikiem t-jet 120 km. ,1
"Gdyby mozna dałbym 0.Duze spalanie wcale nie idzie w parze z mocą wręcz przeciwnie,duzo usterek szczególnie z elektronika",0
Auto idealne do ruchu miejskiego i dla małych rodzin.,1
Autko nie jest złe,0
"Ogólnie bardzo polecam ten model, przyjemnie się jeździ, idealnie nadaje się do pracy, polecam też zobaczyć najnowsze oferty u dealera peugeota w at garage.",1
"Renault usiadło na laurach, nie ulepsza, nie daje zbyt dużo możliwości wyboru wersji (silnik, wyposażenie). Jeździłem dwoma Koleosami. Nie zdecyduję się na następnego. ",0
Nigdy wiecej hyudaia tusona ani nic z tej marki nawet żelazka za darmo!!,0
bomba,1
dosyć głośno wewnątrz ,0
Rodzinny samochód do szybkiej jazdy,0
Lepsze nowe Tipo niz nie wiadomo jaki samochód uzywany,1
"Wachałbym się ale nie było tak źle, w większości auto nie sprawiało problemów, na 8 lat trochę pojeździłem.",1
"Powiem tak, wszyscy wychwalają ten 1,9 tdi a mój się psuje na potęgę jak nie sprzęgło to układ chłodzenia, może trafiłem na taki model.",0
Silnik 1.7 mimo swoich wad mozna go polubić.,1
BUBEL za 100tys,0
"Dwa kolejne, po mniej więcej 250 tys. przebiegu. Drugi chyba zostanie na dożywocie. Szkoda, że nie produkują wersji C.",1
"Zajdźcie przypadkiem do Fiata, tak jak ja. Nie ma sensu płacić 30 tyś za auto z innym znaczkiem z przodu. ",1
POLECAM ,1
ok,0
"Auto godne polecenia, ale warto zdecydować się na model wyższy, np. octavię",0
"W 2018 kupuje Kia Carens 3 z 2009-2010 r. za smieszne 13-15 tys zł. i pojeżdzę spokojnie 5-6 lat. silnik ten sam, czyli 2,0 CRDi VGT i 140 KM. Dziś mam 173 KM w Carensie 2/Chip/",1
Kupuje ponownie passata - to najlepsza ocena,1
Bardzo dobry samochód.,1
Ok,1
"Największym problemem auta jest serwis lokalny, marny, nieprofesjonalny",0
Bnnb,1
Ogolnie auto fajnie sie prowadzi bardzo komfortowe.Spalane opisałem w oparciu o instalacje gazowa.Auto dosc ciezkie z 2litrowym silnkiem gazu na trase pali 10L przy predkosciach powyzej 120km/h,0
Nie polecam nikomu drogie części. Posiadałem ponad igiełkę silnik 1.9 i co? I tak się psul. . Nie polecam..,0
"Mogło być fajnie, ale nie jest. Miało być duże wygodne auto. I jest duże, tyle że bardzo niekomfortowe. Poza tym dużo pali. Nie polecam ",0
"Auto raczej do jazdy po miescie dla osob, ktore nigdzie sie nie spiesza. Eleganckie i komfortowe, ale BARDZO mułowate i z paroma mankamentami, ktore psują dobre wrazenie. ",0
Ogólnie super autko dla rodziny. Polecam. Ford był różnie postrzegany w PL. Ważne jest to że pozbył się problemów z korozją . ,1
Jak bym miał kupować jeszcze raz to kupiłbym fiata bravo 2.0 HGT 20v,0
Pomyłka.,0
auto nie jest dobrej klasy zawiodłem sie co do tego modelu i to bardzo!!!,0
Nigdy wiecej tego niemieckiego dna przereklamowanego!!!,0
Ciągłe problemy z elektroniką i zawieszeniem. Nawet najgorszemu wrogowi bym nie polecił,0
nie polecam,0
awarie non stop jak nie silnik to zawiaszenia i tak dalejwcięgu rok wydałem 7000 tysięcy chorera mie bierze . nigdy feancuza .wole śkode felicje ,0
Czas na nowszy lub nowy samochód /np. Nissan Qashqai/,0
"Auto nie jest konstrukcją, za jaka chce ja uważać producent. To stare, brzydkie i palistikowe wnetrze z ciekawie zaprojektowaną karoserią. Pali za duzo na tak słabe siągi.",0
"Bardzo udane auto, mało awaryjne, niedrogie w eksploatacji",1
POLECAM wszystkim ,1
Efektowny samochód ,1
samochod fajny,1
nie mam zamiaru go sprzedawac ,1
"moze dlatego,że przesiadłem się z Zafiry wysokośc jest istotna, gównie przy pokonywaniu krawężników",0
Samochód polecam wszystkim tym którzy cenią sobie komfort dalekich podróży. przez 10 lat nie zawiódł mnie ani razu. Polecam,1
Zdecydowanie polecam.,1
"Ogólnie ok. Słaba wytrzymałość silnika, karoserii i zawieszenia. Trzeba przyznać ze wygodne i mocne.",1
To mój piąty samochód - potrafi zaskoczyć na drodze innych kierowców swoją dynamiką. Po kilku latach użytkowania zupełnie bezawaryjny,1
nie kupujcie go,0
Polecam,1
cieszy mnie ,0
bez FAP da się jeździć i jakby blachy były lepszej jakości to OK,0
Nie kupiłbym tego auta nigdy więcej. To co zaoszczędzisz na spalaniu wydasz z nawiązką u mechanika. To jest po prostu opel corsa z dospawanym przystankiem autobusowym.,0
.,0
"Nie kupujcie wogóle takich samochodów chyba,że chcecie mieć dużo usterek !!!",0
"Fajny rodzinny samochód jednak dużo pali /10 l/100 km/ przy normalnej eksploatacji w mieście, skrzypiące plastiki oraz mały bagażnik jak na rodzinny samochód.",1
dobra relacja ceny do jaosci,1
wszystko sie psuje,0
"Ten model to klasyka, podchodzę do niego trochę z sentymentem, fajne autko dla siebie w niedużej cenie. Polecam korzystać z pomocy dealera np at garage z Łodzi przy zakupie nowego i używanego auta",1
Ogólnie jestem z samochodu zadowolony. ,0
odradzam zakup pojazdów tej marki. ZERO poszanowania klienta i ze strony MMPOL i ASO,0
Nie kupiłbym Opla który ma 21 lat... Ale jak na swój wiek ta niemiecka maszynka do przemieszczania dalej spełnia swoje zadanie. A grill w bagaju stoi bez rozkręcania.,0
Jest ok,1
Stan ogólny dobry,1
"Gdybym miał zmienić auto, to tylko na ten model , ale młodszy rocznik, no i może (opcjonalnie) 2-u litrowy z turbiną. Nowszej generacji Outlandery II i III są zaokrąglone, podobne do całej reszty.",1
Auto super do jazdy z rodziną. Polecam,1
Dobre auto ale co jakis czas trzeba do warsztatu srednio co poł roku cos pada ,1
ok,1
"Podane spalanie dot. LPG. Samochodzik jest fajnym pojazdem do miasta. Mechanicznie jest raczej niezawodny, często psuje się elektryka. Na dłuższe podróże raczej męczący.",0
Niech was nie zwiedzie ciekawy wygląd i pare bajerów - ten model z tym silnikiem to porażka! Koszty napraw - studnia bez dna.,0
"samochód ma wymienione sprzęgło, rozrząd, zregenerowane turbo",1
"Przesiadka ze Skody Fabi kombi, wydawała się dobrym posunięciem, ale ten to wóz drabiniasty nie samochód ciągle coś się psuje a pali ile mu wleje ",0
Elegancki samochód w tej klasie. Tylko błąd VW w błędach w silniku które powinny być poprawione w ramach akcji serwisowej już na początku.,1
autko ok,1
reasumujac jestem bardzo zadowolony z uzytkowania nigdy mnie nie zawiódł,1
"Świetne auto mimo, że już nie produkowane. Pozwala na dość szybką i bezpieczną jazdę. Właściwie eksploatowane i serwisowane nie przysparza dodatkowych kłopotów i kosztów.",1
tylko Maxima,1
KUPIŁBYM BENZYNĘ A NIE Diesla,0
"Drugi raz nie dam się władować w przedłużoną gwarancje w VW, bo tej marki już nie kupię.",0
Warto kupić ten samochód od pierwszego właściciela,1
Za te pieniądze samochód godny polecenia,0
Dobry,1
Auto pobiera duzo oleju 2_3litry na 10 000 poza tym super. Lpg znosi lepiej niz pb:),1
"Porządny samochód dla oszczędnych ludzi. Mało pali, na miejsce dowiezie. Coś kosztem czegoś.. taniość za kulanie się po autostradach itp ",1
w sumie fajne auto ale potrzebuje wielu udoskonaleń,0
"samochód niedoceniany, kto trochę pojeździ to go polubi",1
"fajne rodzinne autko, dobry dostęp do kabiny nawet przy dużych gabarytach użytkownika, ",1
"Duże, wygodne z dobrym silnikiem podatnym na gaz, co zmniejsza koszty jazdy. ",1
"Bardzo wysokie spalanie,niema w Poznaniu i okolicach dobrego serwisu.",0
Ten samochód jest super tylko potrzeba mu większego silnika np. 2.0,0
Mogło by być lepiej ale nie ma co wybrzydzać,1
111,0
"Ładne auto, nie jest to demon predkości ale przyjemność i wygląd auta rekompensuja braki",1
"polecam dla rodziny 2+1 i dojazdy do pracy części tanie, ogólnodostępne",1
Bardzo niskie zużycie paliwa - przy oszczędnej jeździe do 4 l/100 km. Jak na samochód tej klasy naprawdę komfortowy oraz oszczędny. Umiarkowane koszty części eksploatacyjnych. ,1
bardzo dobry samochód polecam ,1
Duży hałas przenoszony z kół przez nadwozie!!! ,0
paliwożerny i problematyczny!,0
wszystko ok ale z ewnątrz bardzo awaryjny silnik a wewnątrz tak sobie jak na samochód w takim wieku ,0
"Auto ładne z wyglądu, wnętrze ciekawe.",0
za dużo napraw,0
"Wygodny na wyjazdy, oszczędny, zawsze coś przewieśc można.",1
Kupiłbym ponownie.,1
Bardzo wygodne i przestronne autko ; silnik na łańcuchu przez co nie wymaga większych przeglądów to już mój 3 Opel w przeciągu ostatnich 10 lat z tym silnikiem i nigdy nie miałem z nim problemów.,0
dno,0
niezłe auto ale pali jak smok,0
auto OK,1
"Nowy Fiat Panda to ""BUBEL"", nie kupiłbym ponownie. Dacia już jest lepsza i cena bardziej konkurencyjna!",0
nie kupiłbym tego auta 2 raz przede wszystkim z uwagi na skrzynię ---- chorendalne koszty naprawy i czas oczekiwania na części. ,0
"słabe silniki,drogie części, brak zamienników . nie polecam ",0
Autko całkiem fajne ale silnik hmm... wydaje się że fajne lecz gdy zacznie sie psuć koszty są ogromne,0
średnia jakość zawieszenia,0
Lipa,0
"Najlepiej sprzedający się w Europie w swojej klasie Suw , to samo mówi za siebie.",1
Bardzo wygodny dla rodziny. Trudno się z nim rozstawać.,1
"Dobre, ładne, sympatyczne auto do spokojnej jazdy",1
Autko bardzo ładne... i to tyle zalet silnik porażka co chwile jakieś niespodzianki. Komfort jazdy taki jak w polonezie silnik głośny i szarpie,0
auto wyprzedzajace swoja epooke,1
żadnych większych awarii nie miałem a już tym autkiem zrobiłem ponad 56 tys ,0
myślę że bardzo dobre auto dla kogoś kto lubi konfort jazdy a zarazem ceni sobie pojemność bagażnika i dynamikę silnika,1
poprzednim moim samochodem był FIAT (40000zł ) kupiony jak skoda( 50000zł ) w salonie nówka sztuka przejechałem nim 120000 i nic moim następnym samochodem napewno nie będzie skoda ,0
Kocham to SUV,1
Na pewno kupię następna generacje,1
"Dobry, niezawodny, dla osób nie wymagających luksusu.",1
bardzo dobre auto!!! polecam!,1
Chyba warto sie skusic bo te mazdy nie sa drogie chyba ze wzgledu na spalanie,1
Szukam nowego,1
Nie opierać SIĘ O MASKĘ BO MOŻNA POGIĄĆ.,0
"O diesla trzeba dbać od początku, jeśli ktoś to zaniedba to kolejny właściciel będzie miał po pewnym czasie problemy. ",0
Nieźle ,1
samochód o małym komforcie ale można na nim dobrze wyszkolić młodego kierowcę,0
Niezłe autko ale walka z psującym się wspomaganiem męczy mnie,0
mam go6lat zrobił120 tyś za koszt napraw 16 tyś ekonomi [ 0 ],0
"Bez rewelacji, ale jak ktoś podejdzie do tego samochodu zdroworozsądkowo i nie będzie oczekiwał tego co z auta segmentu C, to będzie zadowolony. Do miasta samochód ten jest w porządku.",0
"Auto jako wół roboczy i wyjazdy na wczasy sprawia sie wyśmienicie , co chodzi o codzienną jazdę męczy. Starsze modele z automatem porażka - duże spalanie i brak mocy . Lepiej zakupić w manualu.",0
ogólnie autko ok jeszcze w LPG oszczędne niezniszczalne,0
za duzo wad,0
Polecam,1
niemiec plakal jak sprzedawal,0
Samochód idealny dla dużej rodziny. Dzieci go kochają. Jest bardzo wygodny i funkcjonalny. Ja polecam szczególnie te ze 130 konnym silnikiem diesla. Na trasie radzi sobie doskonale. ,1
Gdyby nie ta korozja,1
super auto,0
niby hyundai a przyciąga wzrok i zainteresowanie,1
"ogólnie samochód fajny wizualnie lecz silnik i zawieszenie do niczego, spalanie zadowalające",0
Samochód dobry dla świeżego kierowcy. Jednak nie jest on stworzony do szybkiej jazdy gdyż jego zawieszenie jest bardzo bardzo miękkie jak i również do wyprzedzania. ,0
Caly czas sie zastanawiam czy wersja z silnikiem 1.5 DCI naprawde tak malo pali.,1
kiepskie auto francuzkie,0
Samochód wart zainteresoania,1
Samochód godny polecenia,1
Ogólnie polecam ale nie dłużej niz na 3 lata.,0
ok.,1
W trasy świetny. Do miasta raczej słaby.,0
Pojazd za 178.000 zł i mnóstwo niedociągnięć. Ogólna ocena MIERNA!!!,0
Samochód godny polecenia do miasta i na krótkie trasy. Na długie jest świetny niskie spalanie niestety obawiam się o wytrzymałość. Obecnie mam 60tyś po półtora roku zobaczymy ile wytrzyma.,0
Kupiłbym ponownie ale zapewne benzynę z przeznaczeniem pod LPG.,0
"Plastik prosto z Niemiec. Nie polecam! Jest np. Focus, lepiej wykonany i lepiej wyposażony. ",0
Jak to passat ,0
"Samocod o dużej przestrzeni wewnątrz, lecz elektronika poraża awaryjnością.",0
"nie polecam ,auto słabo reaguje na pedał gazu , spalanie sporo odbiega od podanej normy",0
Nie kupił bym tego samochodu ponownie z powodu sztywności zawieszenia oraz kosztów eksploatacji związanych z ceną części zamiennych.,0
Konfort jazdy jest dardzo dobry ale pozostałe rzeczy są do bani,0
"Przeciętne auto, żadna rewelacja",0
"Świetny samochód rodzinny, po Ducato Panoramie, Trafficu Passengerze i T5 Multivanie, mam wreszcie ekonomiczne i niezawodne auto, którym nie boję się przemierzać szlaków Europy.",1
Za niską cenę mamy naprawdę fajny samochód,1
Polecam. ,1
"Dobre autko, a do jego słabych stron można się przyzwyczaić. Niezawodny i wygodny, choć wybitnie nie lubi dróg terenowych.",1
Polecam jak najbardziej,1
"Ogólnie auto prezentuje się bardzo ładnie, ale awaria rozrządu, wentylatora chłodnicy, systemu zamyka ja bagażnika i kilku innych skutecznie zniechęciły mnie do tej marki.",0
Tylko v6 benzyna 200 km ,1
"reasumując:nie polecam ,nerwy mogą puścić niejednemu użytkownikowi tego wspaniałego autka.Parkowanie nawet w mysiej dziurze jest wykonalne tym samochodem,ale niestety,wady przewyższają zalety.",0
udany model,1
Polecam,1
git samochod,1
"Auto zwinne i szybkie, pojemne jak na swoje gabaryty. Mogłoby mieć minimalnie większą mase dopuszczalną bo bagaznik jest pojemny ale za duzo kg nim sie nie przewiezie.",1
Auto zgrabe spotrowe lecz dla ludzi z duzo kaso ,0
Auto kupione dla żony do uczenia się. Sprawiło się świetnie. Po dwóch latach wymieniamy na większe.,0
Brak,0
atko godne polecenia. moze sie psuc przy wiekszych przebiegach czujnik cisnienia paliwa,1
"Niewiarygodnie niska jakość pojazdu marki Volkswagen. Myślę o zmianie na samochód innej marki. Trochę mi wstyd jeździć samochodem marki, która oszukuje swoich klientów.",0
Bardzo fajny samochód. Nie załuje że kupiłem.,1
Całe szczęście to auto służbowe.,0
ogólnie ok,1
"Samochód zbudowany z prostych komponentów, zero skomplikowania, prosty i bardzo stylowy. Polecam. ",1
Dobre auto do wprawy na pierwszy samochód,0
Polecam ale w odpowiedniej konfiguracji,1
Niezły wygląd samochodu nie przekłada się na osiągi i technikę i osiagi pojazdu,0
Kupiłem nowe auto i po miesiącu okazało się wadliwe a serwis Opla w Płocku nie potrafi wskazać terminu naprawy samochodu. ,0
"Jak trafisz na zadbany samochód to TAK, a jak nie to masz do wydania około + - 5000 zł.",0
Wygodny i pojemny samochód. W wysokiej wersji wyposażenia ma wszystko co potrzebne.,1
"Dobry samochód, ale odradzam wymagającym. Niewątpliwie model z 16 calowymi kołami i silnikiem MultiAir II byłby lepszym wyborem.",0
Średnio ,1
Ładne komfortowe rodzinne autko za niewielkie pieniądze odporne na korozję. ,1
W ciągu ostatnich dwudziestu lat przerabiałem cala game Peugeota za wyjątkiem 308. 508 jest prawie tak dobry jak 407.,1
Super jak na stare autko ,1
Super autko,1
Po przymusowej przesiadce z 2.8 v6 jednak mimo obaw jestem zadowolony,1
Tani ładny samochód ale dla blacharza lub mechanika,0
SUPER AUTO ZA ROZSĄDNA CENĘ/ I 5 LAT GWARANCJI/CHOCIAZ NIC SIE NIE DZIAŁO PRZEZ TEN OKRES,1
do bani,0
vddsdggfngfg,0
"Małe , ciasne , tylko na dojazdt podmiejskie. Zdecydowanie lepiej trochę dołożyć i kupić coś troszeczke większego np. Skode Fabie.",0
"Ogolnie auto ch...owe malo miejsca w kabinie, zawieszenie tylko na drogi asfaltowe, poza nim mozna wybic sobie zeby",0
Wyjątkowy i bezkonkurencyjny w swojej kategorii.,1
stan b.dobry,1
W zasadzie ok tylko wyposażenie kiepskie,1
nastepnym razem automat:),1
"Sam samochod oceniam b.dobrze.Za maly przeswit,utrudniajacy wjazd na kraweznik przy parkowaniu.No i servis nie potrafiacy zlokalizowac usterki.",0
Ogólna ocena na czwórkę minus - trójkę plus. ,0
"za takie pieniądze chciałbym mięć samochód ,który po przejechaniu zaledwie 14 tys. km był nie awaryjny, skandaliczny serwis",0
ghrth,0
"Od VW można było wymagać o wiele więcej, duże problemy z serwisem, po 5 latach wyszła rdza, nie uznano reklamacji bo niby moja wina???, ja tylko nadarzy się sposobność to do wymiany. ",0
prowadzi się dobrze,0
Z tym silnikiem bym nie kupił.,0
Świetny samochód z w miarę tanimi częściami wszystko jest proste. Jest duży i wygodny. Świetny widok na drogę z góry. ,1
"Duży samochód dający sobie dobrze radę w terenie, niestety częste awarie oraz koszty części a w szczególności blacharskie kładą się cieniem na opinie względem tego auta",0
Auto jest dobre dla początkujaych kierowców.,1
zrywny ale za maly,0
Polecam zastanawiającym się kupując ten samochod.,1
"Zimny silnik nie lubi wysokich obrotów powyżej 1700,rama w tylnej części dziurawa jak ser szwajcarski,rocznik 97 ma problemy z pompą",1
Polecam wszystkim ten samochód ale sam raczej optuję za fordem focusem tak za niedługo sprzedam moją cytrynkę.,0
"Miałem to auto od nowości, myślałem , że to super wóz, ale jak przesiadłem się do samochodu stajni BMW czar prysł. Nie wiem jak Wy, ale ja bym tego auta więcej nie kupił. ",0
Przeciętny samochód dla większej rodziny.Pozwalający cieszyć się siedmioma miejscami i niskim kosztem eksploatacji.Ja swoją Zafire posiadam pięć lat i wymieniam tylko elementy zawieszenia.,0
nie polecam,0
Bardzo przyzwoity samochód.,1
"nie jestem pewien kupna w przyszłości, bo to będzie najwcześniej za 5 lat",1
w 2004 roku dokonałem właściwego zakupu,1
Samochód tylko do miasta ,0
"fantatyczny samochód dla 3 osób, w mieście i na wakacje",1
Bo jest bardzo dobrym samochodem,1
Bardzo dobry samochud .nowsze pasaty tyle nie wytrzymaja co b5 fl polecam,1
dobry samochód,1
"Dobry samochód dla rodzin z dziećmi ,mimo że po posiada małe wady do jest godny polecenia",1
Polecam ,1
"odradzam brak konkretnego serwisu ,dzisiaj to podstawa a tu komuna arogancja ",0
Super auto,1
"Za dużo problemów do naprawy: pompa wodna, dwa łożyska, wałek napinacza, wałek rozrządu, ciągłe problemy z geometria. Dobrze sie trzyma drogi ponieważ ma ABS, ETC, ESC.",0
jak na takie pieniądze mogło byc lepiej,0
silnik padł i to doszczętnie ,0
"Samochód ma miesiąc 1194km przejechane.Stoi drugi miesiąc bo brak części zastępczych.Ja dzwonię do Forda , piszę ale oni mają to gdzieś.Kupcie inna markę może będziecie mieli lepiej.",0
ok,0
nie polecam tego auta chyba ze dzieciom jako zabawke,0
Warto zaufać Francuskiej wizji motoryzacji;),1
"Za takie pieniądze(ponad 13 000 tyś.PLN !!!)i rdza przy nadkolach jak w Polonezie !?.Zapomnijcie Japońce,że będziecie mieli radośc ze sprzedaży....Opel VC o wiele tańsza i o wiele lepsza !?.",0
bardzo podobny doreno laguny,1
Auto bezawaryjne. Wyśmienite dla rodziny.,1
"wysoka cena jak na ""polskie""zarobki i dla Polaka !",0
"Jeśli ktoś posiada niewielkie fundusze, a chce posiadać kombi w dieslu, to czemu nie. Polecam modele w dobrym wyposażeniu, np. podgrzewane siedzenia, tempomat itd. ",0
Generalnie przereklamowany,0
Omijać szerokim łukiem,0
Bardzo wygodne auto w długie trasy za niewielką cenę,1
Nie byłby to zły samochód gdyby producent poważnie traktował klientów,0
"Bardzo dobry i niezawodny samochód. Nie do wiary, że jeszcze jeździ i prawie do niego nie dokładam po 20tu latach. Zresztą części są za grosze.",1
"Ogólnie , liczyłem na mniej wad, przecież to druga generacja .",0
Jestem bardzo zadowolony,1
słaby komfort,0
"idealne auto dla rodziny o ile ktoś nie wymaga wielkich osiągów od auta , choć strasznym mułem to on nie jest , lubi poprostu duże obroty. ogólnie bardzo polecam Madzię. ",1
Fatalnie - durszlak i szlifierka do opon,0
"Polecam wszystkim, którzy chcą korzystać jako rodzinne auto, łatwo się zapina i rozpinania dzieci. zarówno w trybie codziennym jak i na dalsze wyjazdy.",1
"Tragedia !!! Nie dajcie się namówić na tego strucla. Trudno ogarnąć ilość usterek, od zamarzających drzwi po poważne usterki układu chłodzenia, sprzęgła i silnika. W rezultacie, silnik do remontu.",0
"Godny polecenia, bezawaryjny samochod",1
"Rdza pojawiła się na karoserii już w siódmym roku. Lakier odpadł spod spuchniętego karoserii , odsłaniając grubą rdzę. Samochód garażowany. ",0
"wszystko zepsul przypadek, albo kiepskie wykonnie - od 2 miesiecy samochod w serwisie a serwis nie umie znalesc usterki, po remoncie gwarancyjnym silnika",0
Zależy kto co lubi. Auto do spokojnej jazdy ok. Duzo miejsca w środku. Poza bagażnikiem. Za te pieniądze mozna znaleźć cos ciekawszego,0
super oferta dla osób ceniących jakość za rozsądną cenę. ,1
"Samochód dobry na każdą okazje dla małej rodziny 3 os. Wystarczające, mało awaryjny, całkiem zrywny.",1
Od początku do końca samochód dla mnie.,1
"dobre auto pod względem przestronności,jako nowe na 4-5 lat do max 80tyś km,później niech sie martwi nowy właściciel",0
jak czytam że gość jeżdzi po mieście na 6 biegu to się zastanawim czy jeżdi vivaro czy rowerem z Makro. buhaha,1
"ekonomiczne i praktyczne autko, ale często przytrafiające się różne, mniejsze i większe usterki, sprawiają, że z czasem traci się do niego zaufanie i przestaje lubić.",0
"Wersja Cosmo za 136 tys z dodatkami OPC ,rewelacyjne wygodne auto ,dynamiczne i bardzo oszczędne ,PRZEPIĘKNY samochód",1
"Auto byłoby naprawdę znakomite, gdyby nie korozja. Zaczęła pojawiać się po 7 latach (!).",0
Przyzwoite auto.nie jest bezawaryjne ale usterki sa latwe do usuniecia.plus za dobry silnik ktory jest praktycznie bezobslugowy.jednak brakuje mu mocy.jak seicento to tylko 1.1,0
ok,1
"Samochód dla dziadków raczej ;) ,badz tez dla osob ceniacych sobie spokojna jazde...",0
"Fajne auto, szczególnie do miasta i na nienajdłuższe podróże po dobrych drogach. Mimo rocznika-trzyma się bdb. Aha, nadkola tylne trzeba ratować przed rdzą!",1
"po 7,5 roku wykryto brak sprezyny w pierscieniu - serwisy autoryzowane kazaly dolewac olej i wymieiano swiece. Sprzedano wadliwy samochod!",0
"szału nie ma, za ponad 100 baniek nie ma pasażer siedzenia podnoszonego to kpina i olewanie Polaków",0
"Bardzo dobre zabezpieczenie antykorozyjne, fajna sylwetka, mój egzemplarz to silnik 2.0 HDI o mocy 126KM ma taki sam moment jak ten 136KM po demontażu fapu mam wrażenie że ma jeszcze wyższy moment. ",1
już kupiłem ponownie 6 lat młodszy,1
Trzeba dbac o sterwnika i robiac co jakis czas adaptacje. ,1
Zajefajny samochód-już z duszą.,1
Komfortowy SUV za nie duże pieniądze w porównaniu do konkurencji z Niemiec czy Japoni,1
"Autko warte swojej ceny, ekonomiczna eksploatacja, dla niewybrednych doskonały wybór.",1
"Do miasta raczej się nie nadaje, samochód do długich podroży. ",0
"Auto jest świetne części tanie i to oryginały, silnik jest za słaby. ",1
Kocham kocham kocham ;] ,1
"wszystko byłoby dobrze gdyby nie korozją. dziurawe większość elementów, rama, bak, nadkola. silnik i napęd przeżyją nadwozie i ramę. Ale bardzo fajnie się jeździ",0
Dajcie sobie spokój ztym modelem,0
Dla mnie piekny i stylowy,0
jestem zadowolony z tego autka ale nie raz przyprawia mnie o większe ciśnienie .,0
dobre auto wdzieczne i tanie za dobry poobijany trzeba zaplacic jakiej 3600zl ,1
Wygodne auto ale radość psuje mnóstwo drobnych usterek i ceny serwisu.,0
"Bardzo fajne autko ,najważniejsze to że jest niezawodne",1
Wole japońca mam toyote 17l i tylko olej mnie interesuje co roku i nic a mam 230tys przejechane,0
Odpowiednie auto w stosunku do ceny. Wg. mnie dobrze wyposażone. Dodry zakup. ,1
2.5 tdi nieudane,0
Super autko,1
Zadowalajace,1
Dobre auta,1
Brak słów ,0
rewelacja w tej klasie i za te pieniądze,1
jak wyżej,1
Jest to już drugi mój golf jestem zadowolony.,1
wygląda jakby płakał jakby zabrać rejestracje to i mordka sie zgadza,0
Bardzo bogate wyposażenie,1
"Samochód posiadam 4 lata, przejechałem ok 86 tys km. Samochód idealny na długie trasy. super komfortowy. w tej cenie ciężko znaleźć równie fajne auto",1
mógłby być trochę cichszy i mniej spalać ale ogólnie ok,0
"Za wysoka cena na te samochody, żadna rewelacja spalanie = 13.5 LPG w mieście",0
"Rdzewieje, a serwisy pomimo gwarancji i przeglądów nie chcą uznawać",0
Ogólnie rewelacja jak na samochód do wszystkiego.,1
tanie auto i drogo nie kosztuje,1
dobre auto,1
Auto do miasta OK,1
Ogólnie super auto z dużym bagażnikiem,1
"w klasie kompaktów w ścisłej czołówce, w pełni zasłużyła astra na tytuł najlepszego samochodu roku 2016.",1
Zdecydowanie lepiej się czuję w limuzynach!,0
"ogólnie samochód należy ocenić pozytywnie, są pewne mankamenty, ideałów nie ma, nie kupiłbym go ponowie nie z powodu jakichś wad ale po prostu potrzebuję wiekszego samochodu np. suva",0
bardzo miłe autko,1
:),0
"Fajne, bezawaryjne autko do codziennej jazdy.",1
Ok,1
dobry do spokojnej jazdy bardzo niskie zawieszenie ,0
silnik w tym samochodzie nie nadaje się do gazu,0
Każdy ma kiedyś gorszy dzień i własnie taki mieli projektanci vw wymyślajac passata B5. Zdecydowanie nie polecam tego samochodu. Chyba że największemu wrogowi. ,0
Polecam !! bezapaelacyjnie,1
Fajny miejski samochód. W trasie tak do 800 km ok potem hałas dokucza ,1
Zadbany od zewnątrz ,1
samochod zdatny do jazdy ,1
"Zbyt wiele usterek jak na auto 7 miesięczne, w serwisie ciągłe zbywane. Liczba moich wizyt od początku szacuje na ok 20. Usterek było więcej, lecz zostały szybko usunięte.",0
Jak na swój wiek auto w bardzo dobrym stanie technicznym. ,1
byle jaki,0
"Słabe zawieszenie jak na polskie drogi, bardzo duża awaryjność instalacji elektrycznej.",0
Jeśli ktoś potrzebuje tego samochodu żeby zastąpił woła pociągowego - polecam; Samochód całkowicie nie nadaje się do jazdy w ruchu miejskim.,0
"Za mały bagażnik, samochód jest z tyłu od razu zachlapany od góry do dołu w trakcie najmniejszych opadów mimo istniejących chlapaczy.",0
Bardzo dobrze oceniam ten samochod.,1
Autko wygodne i ładne. Ale przy zmianie na nowe będę szukał teraz opel vivaro ,0
Super autko,1
Zdaleka od renault,0
Wszystkie opinie o tym aucie wpisane sa przez importera. Wszytkie w bardzo podobny stylu moim zdaniem wpisuje to jedna osoba. ,0
Za słaby silnik. Brak dynamiki. Po wyjściu z auta byłam rozczarowana. ,0
jeszcze kilka miesięcy,0
szkoda pieniedzy,0
Auto godne polecenia jeżeli któś szuka czegoś sportowego za małe pieniądze,1
:-) jestem zadowolony :-),1
Polecam dla małych przedsiębiorstw. Bardzo wygodny i uniwersalny samochód do przewozu. Super oferty od At Garage na umowy serwisowe!,1
Nie polecam samochód toporny kumpel ma np Mazdę 6 i o wiele lepiej sie prezentuje oraz właściwości jezdne o niebo lepsze. Ocena mocna 3,0
fajny wózek ale tylko z mocnym benzyniakiem lub dieslem i z dobrym wyposażeniem np XL,1
"Wygodny , ladny samochod ale wlacznie dla Mechatroniker z duza cierpliwoscia ",0
AUTO BYŁOBY SUPER GDYBY MIAŁO PREKAZANIE NAPĘDU JAK W T4,0
2x i wtopa(nowe auta)..nikt mi nie wmowi ze to normalne-ale mity sa ,0
Nigdy więcej VW jazda tym samochodem jest męcząca ,0
"Nie polecam tego samochodu, chyba ze lubicie jak was ktos ruha w dupsko bez wazelinki",0
"Świetne auto za rozsądną cenę. Jak to z Renówkami, albo się je kocha, albo nienawidzi. Ja mam w domu pięć. Megane II Megane III Scenic II Modus Koleos po face lifting'u",1
nastepnym razem automat:),1
Kupił bym auto ponownie. ,1
Bardzo elastyczny sam z zewnątrz wieksza Corsa w środku bardzo dużo miejsca. Zużycie paliwa i bardzo ciężko dostęp do wszystkich elementów w komorze silnika,1
po prostu szkoda słów.......,0
zbyt duże zużycie paliwa,1
Polecam!,1
W ŻYCIU NIE KUPIE AUTA TEJ MARKI ,0
"Nie wiem co się z tym autem dzieje rdzewieje, sprzęgło musiałem już dwukrotnie wymienić, drogie części, dopóki była gwarancja to nie było problemów. Nie polecam.",0
dobre auto na zakupy,1
problemy z rozruchem silnika start stop,0
"nie polecam. jest wiele lepszych firm na rynku. śledząc poczynania marki mitsubishi, to praktycznie w roku 2017-2018 nie mają już nic do zaoferowania",0
"Radzę się dwa razy zastanowić. Auto ciasne, mało schowków i dużo pali. Rdza po 2 latach.....i szarpanina z Renault , który ma klienta w nosie bo samochód udało im się wcisnąć i umywają ręce.",0
auto super dla rodziny,1
nie polecam,0
ogólnie tani model na rynku wtórnym,0
Jeżeli kupować citroena używanego to tylko z gwarancją CITROEN SELECT na min 2 lata,0
"Pomimo kilku drobnych niedociągnięć, auto ok: wygodne, duże, ciche. Dające się polubić. Za te pieniądze - znakomite! Polecam.",1
ok,1
super auto,1
"Przyzwoity samochód dostawczy. Dobre wyposażenie tj. Klimatyzacja, tempomat, elektrycznie otwierane szyby, elektrycznie ustawiane i podgrzewane lusterka.",1
Polecam ten samochód każdemu ,1
Więcej jazd próbnych przed zakupem i KONIECZNIE modelem który chcesz kupić !!,0
"Tylko dwie gwiazdki za jakość. Samochód za około 100 T PLN nie powinien dzwonić, wibrować pod kokpitem, w drzwiach itp. Niby drobiazg a odbiera radość z jazdy. ",0
Trudno o jednoznaczną ocenę po tak krótkim przebiegu ale mam wrażenie że będą problemy.,0
xxxxxx,0
Auto dobre dla kobiety na krótkie trasy.,0
Nie polecam,0
Glut,0
"Serdecznie polecam Renault lagune 3 generacji, pomimo wad jej poprzedniczki, samochod bardzo wygodny, wysoki komfort jazdy",1
ciekawe rozwiazania mnustwo schowkow ciekawa stylizacja,1
Dobry samochód dla rodziny na wakacyjne wypady. Może pakownością nie powala bo to HB ale jaknajbardziej z rodziną można się zapakować mając nawet instalację LPG.,0
Mieszane uczucia. Myślałem że będzie lepiej.,1
Samochód mnie zawiódł ,0
"Ogólnie-gwarancja 7 lat to tylko w reklamie ,serwis bardzo słaby , nie polecam",0
piekne auto,1
jak na takie autko to i w takim wieku zachowuje się dość dobrze trochę za dużo pali,0
zbyt duze spalanie paliwa,0
Samochód jak dla mnie za bardzo awaryjny. ,0
jako tako,0
kupiłem używany i nie żałuję!,1
"Mam wrazenie ze mam do czynienia z debilami,przeciez to gówniany van dla starego dziada a wy sie podniecacie!!!",0
JP,1
Bardzo dobry samochód za małe pieniadze.Tluke go od 4 lat właściwie tylko po miescie i wszystko działa.,1
Polecam wszystkim którzy poszukują taniego niezawodnego autka ,1
"Auto oceniam na średnim poziomie, dotychczasowa dziewięcioletnia eksploatacja na tyle mnie zmęczyła, że zdecydowałem auto w tym roku sprzedać. Nazbyt hałaśliwe i średnio-wygodne.",0
"Autko nie jest złe...............niestety ja od auta oczekuje zupełnie czego innego....stąd niska ocena....dla emeryta w sam raz, nada się też dla słabo i mało jeżdżącej kobiety.",0
Fajny samochód tylko pali jak smok,1
"Fajne autko, dużo wad i duża utrata wartości, zła opinia o silnikach 1,4 TSI 160KM",0
"Nigdy wiecej niemiecki ""technologii""",0
Samochód godny polecenia,1
Kupiłem bo żonie się podobał,0
Porażka ,0
dobry samochód gotowy do codziennego użytkoania,1
"Solidne dobrze wyposażone auto,za niewysoką cenę.",1
Ford C Max z 1.6 DCI.Mam go od pół roku .Jestem zadowolony.Doskonale sprawdza sie jako auto rodzinne 2+2.Polecam..,1
dobre autko ,1
"Cudowny samochód, do miasta i na trasy",1
"Fajne auto w rozsądnej cenie, naprawdę fabryczny gaz. Jak na razie bez uwag.",1
ogulnie drogie w utrzymaniu ,0
"polecam do rozwazenia to auto przy zakupie. ja jestem bardzo zadowolony, kolejne tez bym je kupil.",1
Ogólnie ok. Samochód dość pakowny,0
elegancja i gracja w wyglądzie lecz trzeba dopracować wnętrze,0
Dobry samochód za niewielkie pieniądze ,1
"Auto dobre na początek, tanie i nie szkoda go gdzieś wgnieść, zarysować, czy obić. Ale na dłuższą metę męczące. Po Niemcu spodziewałem się więcej.",0
"Zdecydowanie polecam Nissana Almerę osobom szukającym taniego, niezawodnego i bezpiecznego pojazdu z całkiem pojemnym bagażnikiem, świetnymi hamulcami i genialnym układem jezdnym.",1
"Auto z salonu w UK jeżdżone w UK. Nigdy więcej Peugeota, 16letni focus jest mniej awaryjny",0
"znakomity, super wygodny samochód zarówno do jazdy miejskiej, jak i na dalekie podróże; bardzo elastyczny i mocny silnik - z 1.4 wyciąga aż 160 koni",1
Odradzam zakup wersji mixt dramata!,0
"Przez ostatnie 7 lat jeździłem mondeo mkII 1,8td 98' ghia i szczerze mówiąc nissan tylko silnik ma lepszy - mocniejszy. układem jezdnym i komfortem przegrywa i to bardzo.",0
Bardzo doby samochód ,1
"Bardzo bym się zastanowił nad ponownym kupnem, widocznie źle trafiłem ( taki egzemplarz, czarna owca)",0
"pierwszy właściciel, bardzo mały przebieg, ładny czerwony kolor",1
dobrze,1
ok.,1
Gorzej wyglądał niż faktycznie z nim było :),0
"auto super sprawia się na trasie.bez zarzutów, super spalanie .Ogólna oena 5.. ",1
"Silnik bardzo dobry , chociaż musiałem wymienić kilka elementów ( np. EGR ) .Natomiast beznadziejne jest zawieszenie . Od przebiegu 90.000 km stałem się kilka razy w roku klientem warsztatów. ",0
Samochód dla kowalskiego,0
Raczej nie mimo iż była to wersja by loeb to jak na tą masę samochodu szału nie ma dupy nie urywa a spalanie na piziomie c5 2000 litry 140km.,1
"beznadziejny samochod ,nigdy wiecej !!!!!. Nie dac sie uwiesc sprzedawca tego typu samochodu",0
Spierdolone to zycie,0
Takie sobie autko,0
Lipa,0
toporny,0
"Być może nie jest złym autem, ale mi osobiście trafił się taki który ciągle coś się psuje. A dbam o auto i kupuje zawsze droższe części, nie najtańsze.",0
"Świetny samochód. Pełnię komfortu jego eksploatacji zakłóca zbędny, niedopracowany technicznie gadżet tzn czujniki ciśnienia powietrza w oponach.",1
Pojemny bagażnik. Dość wygodnie podróżuje się nim na długich odcinkach. W miarę oszczędny silnik.,1
Silnik 2.0 benzyna + skrzynia CVT to najgorszy wybór. ,0
Nie polecam raczej. Auto prowadzi się przyjemnie ale do komfortu daleka droga.,0
"Nieudany zakup. Tani w zakupie, ale drogi w eksploatacji i awaryjny.",0
"Mimo drobiazgów, uważam ze auto fajne, i warte zakupu",1
Ok,1
"Ogólnie samochód mam od nowości (9 lat) i nie było poważniejszej awarii. Warto zainwestować w nowy, jeżeli ktoś jeździ głównie po mieście i planuje się z nim nie rozstawać przez dłuższy czas. ",0
Jakby nie elektronika i delikatne zawieszenie to byłoby idealne rodzinne autko.,0
LEPIEJ NOWE TIPO NIZ UZYWKA Z ZAGRANICY,1
dobre auto za rozsądną cenę ,1
fajna bryczka szkoda że nie 4x4,1
"Nie polecam tego samochodu jest on bardzo brzydki z wyglądu jak i środku ,od jakiegoś czasu zaczyna rdzewiec . ",0
Nigdy więcej VW i jemu podobnych.,0
"Jestem bardzo zadowolony, małe sprytne autko.",1
"Świetne auto, z którego niejedna rodzina będzie zadowolona! Dzieciaki pokochają wnętrze, a tatusiowie bezawaryjność 1.8 16V 100KM",1
Świetny samochód ,1
Ogólna ocena dobra. Duże i w miarę wygodne auto. Nie ma problemu z zapakowaniem się z rodziną a czasem w 7 osób. Ogólnie polecam.,1
"Nie polecam, chyba że starszym państwo.",0
bardzo przyjemny i bezawaryjny samochodzik,1
Polecam umówić się na jazdę próbną ,1
Jedyne plusy to wygląd. ,0
Bardzo dobry samochód i bdb silnik o skrzyni nie wspomnę dziwi mnie że ludzie kupują samochody z manualną skrzynią biegów Dla mnie cała przyjemność z jazdy to automat ,1
daremne,0
Auto warte uwagi.mam wersje 90 konną gdyby miała 105km byłoby jeszcze lepiej,1
Nie kupię juz tego samochodu z tym silnikiem to porażka,0
auto super,1
pozytywne wrażenia,1
niezle auto ,1
Bardzo dobre auto,1
"Dobre warunki finansowe zakupu. Samochód wygodny, przestronny i dobrze wyposażony bez dodatkowych opłat. Mało pali.",1
polecam,1
Spoko do jazdy na codzien,1
"Mam to auto 6 lat. Co do silnika nie mam zastrzezen, po prostu niedo zajechania, nawet bez oleju.",0
Kuriozum- producent nie umie naprawić klimatyzacji w nowym samochodzie !!!!,0
"Zbyt duże zużycie oleju, mało wygodne wnętrze,zbyt dużo mało praktycznej elektroniki",0
"Toporny w obsłudze , kompakt, z wielkim bagażnikiem i ciasnym wnętrzem.",1
Samochód ten jest bardzo dobry jak ma swój wiek. Silnik bardzo dobry. Tylko skrzynia biegów trochę słaba.,1
Auto nie warte prawie 40.000.,0
Jest dobrze ale marka vw to juz nie to co kiedyś ,1
"Dość awaryjne auto, drogi serwis",0
OK,0
"daje najwyzszee oceny poniewaz w ciagu prawie juz 3 lat mnie nie zawiodlo, codzienne dojazdy do pracy ok. 50 km w jedna strone",1
Polecam. Ważne żeby egzemplaż był zadbany i zero korozi,1
ogólna ocena:dobry samochód dla niemajętnych,1
"Auto jest bardzo dobre, polecam go do miasta : mały, zwinny, zrywny. ",1
Bardzo pakowny sprawny samochód bez wiekszych wad,1
"Zawsze jeździłem autami japońskimi, bo nie mam czasu na wizyty u mechaników.",1
Samochód bardzo dobry.,1
"Polecam autko każdemu, kto potrzebuje pojemnego, a jednocześnie nie ogromnego samochodu. Nadaje się i na długie, i na krótkie trasy. Mało awaryjne. ",1
Porażka.,0
....mam nadzieje że więcej niespodzianek nie będzie ,1
Kocham ten samochód :),1
"MPV jest fajnym autem ale ma jedną wadę - KOROZJA :( pojawia się wszędzie (podwozie, nadwozie) . Silnik żwawy, siedem miejsc, w trasie jak na tak duże auto jest zadowalające 8.5 L/100 km.",0
Samochód niedopracowany z licznymi drobnymi niedoróbkami i wadami. Cena stosunkowo wysoka w stosunku do jakości,0
Auto bardzo dobre. Pakowne ale na dłuższe trasy się nie nadaje. Rekompęsuje to niezawodnością.,1
samochód dobry ale awaryjny,0
100 ptk na 1 ptk,1
Jest on bardzo dobry ,1
Miałem kupować znowu audi a4 ale b8. Przejechałem się peugeotem zmieniłem zdanie.,1
"średnie auto,dosyć kłopotliwe w codziennym funkcjonowaniu.",0
"- auto średnio godnę polecenia, choć wersja transporter bardzo popularna w firmach w polsce.",0
Nie jestem przekonany czy kupiłbym opla zaś. Jestem trochę rozczarowany auto roku za 75000zł. ,0
"Auto radzi sobie dobrze. Kupiłem dla syna jako pierwsze auto. Włożyliśmy parę groszy aby jeździł bezpiecznie , jest zadowolony. Polecam ",1
Ogulnie oceniam na bdb,1
Polecam zakup citroen c1 ,1
